pe_02x,pe_02y,pe_02z,pe_3x,pe_3y,pe_3z,he_02x,he_02y,he_02z,he_3x,he_3y,he_3z,max_x,max_y,max_z,min_x,min_y,min_z,pianch_x,pianch_y,pianch_z,average_x,average_y,average_z,std_x,std_y,std_z,eng_x,eng_y,eng_z,class
0,1,0,0,0,0,0,0.0625,0,0,0,0,0.0312915,0.2875545,0.035926,-0.030147,-0.2880795,-0.037158,0.0614385,0.575634,0.073084,-0.001861589,0.014885862,-0.0063885,0.01240343,0.12744576,0.01792826,0.040274979,4.215008311,0.092773089,S
0,1,0,0,0,0,0,0.0625,0,0,0,0,0.0297745,0.2875545,0.035926,-0.053696,-0.252494,-0.0482715,0.0834705,0.5400485,0.0841975,-0.008759642,0.034593399,-0.013041521,0.017547181,0.117383907,0.018133825,0.098543261,3.834972018,0.127892807,S
0,1,0,0,0,0,0,0.04296875,0,0,0,0,0.0297745,0.2540735,0.0164905,-0.053696,-0.166993,-0.0541355,0.0834705,0.4210665,0.070626,-0.011576173,0.026016074,-0.016206484,0.01865863,0.104415006,0.015622824,0.123564986,2.964985201,0.129983675,S
0,4,0,0,0,0,0,0.1171875,0,0,0,0,0.0243535,0.2540735,0.0164905,-0.0432495,-0.1880865,-0.0541355,0.067603,0.44216,0.070626,-0.009156798,0.023662947,-0.016838362,0.017871685,0.127256384,0.015830442,0.103314332,4.289615233,0.137021664,S
0,5,0,0,0,0,0,0.08203125,0,0,0,0,0.0336555,0.2351625,0.0175565,-0.0486625,-0.1880865,-0.051778,0.082318,0.423249,0.0693345,-0.008561401,0.021894086,-0.015117636,0.022247903,0.121961129,0.014091371,0.145549594,3.93106954,0.109568619,S
0,3,0,0,0,0,0,0.03515625,0,0,0,0,0.0474245,0.221881,0.039661,-0.0532355,-0.2558305,-0.047278,0.10066,0.4777115,0.086939,-0.006672319,0.02089535,-0.010848006,0.027489184,0.132934604,0.019397818,0.204889339,4.636142108,0.12657005,S
0,2,0,0,0,0,0,0.078125,0,0,0,0,0.0565655,0.2512225,0.039661,-0.0705475,-0.2558305,-0.075335,0.127113,0.507053,0.114996,-0.009454395,0.012081842,-0.012536381,0.0298317,0.142162769,0.025544434,0.250794251,5.211339258,0.207434972,S
0,3,0,0,0,0,0,0.1484375,0,0,0,0,0.0565655,0.2895455,0.0198005,-0.0705475,-0.224231,-0.075335,0.127113,0.5137765,0.0951355,-0.01128158,0.025780424,-0.017231732,0.028455425,0.126863218,0.022947646,0.239995502,4.29094463,0.211119858,S
0,3,0,0,0,0,0,0.11328125,0,0,0,0,0.054408,0.2895455,0.0376245,-0.0430035,-0.252147,-0.060533,0.0974115,0.5416925,0.0981575,-0.008103041,0.020167107,-0.015746636,0.026052905,0.139481578,0.022140047,0.190635422,5.08503335,0.189211345,S
0,1,0,0,0,0,0,0.015625,0,0,0,0,0.054049,0.211701,0.0376245,-0.0443755,-0.252147,-0.05861,0.0984245,0.463848,0.0962345,-0.007819027,0.00541706,-0.013537267,0.024020166,0.111110346,0.021087404,0.163416157,3.167991825,0.160934927,S
0,0,0,0,0,0,0,0,0,0,0,0,0.054049,0.1995845,0.0204865,-0.0571385,-0.193432,-0.054528,0.1111875,0.3930165,0.0750145,-0.009805358,0.018204837,-0.014520056,0.026131815,0.091375864,0.016654244,0.199524451,2.222658365,0.125188979,S
3,4,0,0,0,0,0.0390625,0.07421875,0,0,0,0,0.2123605,0.2705975,0.130361,-0.233199,-0.2632675,-0.1629525,0.4455595,0.533865,0.2933135,0.008699595,0.010854086,-0.008630158,0.111428676,0.131718549,0.070434729,3.198036099,4.47182019,1.289170323,S
5,6,0,0,0,0,0.09375,0.15234375,0,0,0,0,0.2678805,0.282928,0.130361,-0.2470275,-0.2565615,-0.159456,0.514908,0.5394895,0.289817,0.009034632,0.023612107,-0.001840029,0.150829245,0.151014538,0.078360337,5.844839585,5.981465647,1.57279779,S
3,3,0,0,0,0,0.10546875,0.12890625,0,0,0,0,0.2678805,0.282928,0.128384,-0.2912565,-0.217081,-0.15154,0.559137,0.500009,0.279924,-0.015727335,0.012445004,-0.016137434,0.162684325,0.144302987,0.07641303,6.838913223,5.370581795,1.561698597,S
1,1,0,0,0,0,0.05078125,0.05078125,0,0,0,0,0.241428,0.256817,0.108764,-0.2912565,-0.217081,-0.15154,0.5326845,0.473898,0.260304,-0.020734049,0.004733864,-0.020623946,0.138492306,0.120875092,0.065826648,5.020594932,3.746120949,1.218599993,S
1,1,0,0,0,0,0.04296875,0.05859375,0,0,0,0,0.2647785,0.281869,0.1148955,-0.25854,-0.2008885,-0.1530305,0.5233185,0.4827575,0.267926,-0.001659623,0.024134658,-0.012612214,0.12827147,0.112639877,0.062013838,4.212821813,3.39775974,1.02538379,S
1,1,0,0,0,0,0.04296875,0.05859375,0,0,0,0,0.2647785,0.281869,0.1148955,-0.2740385,-0.226037,-0.1530305,0.538817,0.507906,0.267926,-0.011375971,0.013279712,-0.020644018,0.142501807,0.125992143,0.067861058,5.231790876,4.109071297,1.288438633,S
0,0,0,0,0,0,0,0,0,0,0,0,0.1893105,0.188932,0.0628625,-0.2740385,-0.226037,-0.152985,0.463349,0.414969,0.2158475,-0.020349866,0.007554527,-0.021749582,0.1055572,0.093558842,0.046426562,2.958862649,2.255500976,0.673361355,S
0,0,0,0,0,0,0,0,0,0,0,0,0.1373915,0.145748,0.0356795,-0.121587,-0.070967,-0.05022,0.2589785,0.216715,0.0858995,-0.000983156,0.028583428,-0.009609304,0.069646302,0.053998188,0.022285127,1.242003912,0.956418068,0.150867531,S
0,0,0,0,0,0,0,0,0,0,0,0,0.1373915,0.145748,0.0356795,-0.1981595,-0.1310475,-0.108877,0.335551,0.2767955,0.1445565,-0.012365232,0.016950977,-0.018460451,0.082950442,0.062761127,0.032720781,1.800773632,1.082218784,0.361668853,S
0,0,0,0,0,0,0,0,0,0,0,0,0.146054,0.1694375,0.0612335,-0.2417145,-0.1573275,-0.120554,0.3877685,0.326765,0.1817875,-0.008323541,0.023044339,-0.014218617,0.102731782,0.085299377,0.048536925,2.719582952,1.999129518,0.655050722,S
0,0,0,0,0,0,0,0,0,0,0,0,0.1624125,0.1694375,0.0612335,-0.2417145,-0.1573275,-0.120554,0.404127,0.326765,0.1817875,-0.008405932,0.023842146,-0.01189042,0.110227029,0.092563179,0.052180807,3.128559031,2.339484292,0.733381364,S
0,0,0,0,0,0,0,0,0,0,0,0,0.1624125,0.1652555,0.0549005,-0.1609145,-0.1086905,-0.0906465,0.323327,0.273946,0.145547,-0.017389965,0.019909196,-0.017440379,0.082302151,0.064886444,0.037348355,1.811772465,1.179692819,0.435265178,S
3,5,0,0,0,0,0.14453125,0.12890625,0,0,0,0,0.399141,0.3356515,0.0975445,-0.3870555,-0.21822,-0.18005,0.7861965,0.5538715,0.2775945,-0.00019899,0.031627529,-0.015376329,0.193595776,0.144021326,0.07870053,9.594717252,5.567065683,1.646368882,S
4,10,0,0,0,0,0.1875,0.18359375,0,0,0,0,0.399141,0.3356515,0.0975445,-0.3870555,-0.21822,-0.18005,0.7861965,0.5538715,0.2775945,-0.004936807,0.038381722,-0.014199691,0.204867696,0.152199317,0.082918577,10.75078146,6.30874702,1.811944748,S
3,10,0,0,0,0,0.17578125,0.15234375,0,0,0,0,0.3168835,0.2585665,0.109702,-0.301104,-0.214205,-0.145275,0.6179875,0.4727715,0.254977,-0.006375019,0.021993428,-0.013924195,0.181088739,0.143463153,0.078672431,8.405486358,5.393222844,1.634301932,S
5,9,0,0,0,0,0.23828125,0.18359375,0,0,0,0,0.3168835,0.270724,0.1142825,-0.3352785,-0.222441,-0.1486765,0.652162,0.493165,0.262959,-0.003483173,0.020662644,-0.014098134,0.208635185,0.159203879,0.08248794,11.14644999,6.598268846,1.792971264,S
4,8,0,0,0,0,0.19921875,0.16015625,0,0,0,0,0.3015705,0.270724,0.1142825,-0.362955,-0.291011,-0.165028,0.6645255,0.561735,0.2793105,-0.027265938,0.00362257,-0.021339778,0.20929397,0.162144514,0.07795812,11.40487716,6.733828523,1.672866179,S
2,6,0,0,0,0,0.1640625,0.14453125,0,0,0,0,0.3215095,0.2926085,0.1266935,-0.362955,-0.291011,-0.165028,0.6844645,0.5836195,0.2917215,-0.012259292,0.015741076,-0.015483768,0.198648674,0.157611356,0.079327598,10.14071631,6.423062795,1.672589143,S
2,2,0,0,0,0,0.10546875,0.06640625,0,0,0,0,0.3215095,0.2926085,0.1266935,-0.3325165,-0.232681,-0.13883,0.654026,0.5252895,0.2655235,-0.001005272,0.029216463,-0.010294243,0.160214477,0.124208374,0.064218891,6.571441435,4.168871987,1.082995546,S
1,0,0,0,0,0,0.0390625,0,0,0,0,0,0.2373945,0.18415,0.051573,-0.261956,-0.192667,-0.1159335,0.4993505,0.376817,0.1675065,-0.013049014,0.023320661,-0.016155827,0.112563993,0.082793331,0.036507834,3.287448197,1.89458263,0.408282182,S
2,1,0,0,0,0,0.04296875,0.00390625,0,0,0,0,0.2316945,0.201675,0.074768,-0.22254,-0.1623675,-0.103031,0.4542345,0.3640425,0.177799,-0.01097915,0.021817874,-0.017271531,0.12735703,0.097732685,0.047586248,4.183251349,2.567566557,0.656364049,S
2,1,0,0,0,0,0.04296875,0.00390625,0,0,0,0,0.2316945,0.201675,0.074768,-0.209251,-0.1623675,-0.103031,0.4409455,0.3640425,0.177799,-0.002702126,0.022819016,-0.013958385,0.138029153,0.104431174,0.050858567,4.879200525,2.925724571,0.712241009,S
0,0,0,0,0,0,0,0,0,0,0,0,0.1809025,0.1784575,0.0608795,-0.209251,-0.132845,-0.08678,0.3901535,0.3113025,0.1476595,-0.011782358,0.022698428,-0.01661978,0.131090233,0.088450172,0.043429321,4.434947931,2.135210039,0.553830902,S
2,0,0,0,0,0,0.01953125,0,0,0,0,0,0.205396,0.189091,0.057676,-0.224998,-0.1506275,-0.083437,0.430394,0.3397185,0.141113,-0.022893809,0.016139263,-0.017938358,0.134307522,0.092900412,0.043406862,4.75255921,2.276346853,0.565042507,S
2,0,0,0,0,0,0.01953125,0,0,0,0,0,0.205396,0.189091,0.057676,-0.224998,-0.1506275,-0.083437,0.430394,0.3397185,0.141113,-0.017131893,0.01988171,-0.014664354,0.123161451,0.091854004,0.040493739,3.958628193,2.261500026,0.475040297,S
0,0,0,0,0,0,0,0,0,0,0,0,0.19537,0.184976,0.0521585,-0.201461,-0.119915,-0.0727045,0.396831,0.304891,0.124863,-0.000227387,0.032918946,-0.011851837,0.114442402,0.081551503,0.036905815,3.352861506,1.981065656,0.384781794,S
0,0,0,0,0,0,0,0,0,0,0,0,0.19537,0.184976,0.0521585,-0.2216075,-0.1268525,-0.0756075,0.4169775,0.3118285,0.127766,-0.006119335,0.027336523,-0.014571595,0.117902217,0.079802434,0.035870462,3.568262458,1.822370057,0.383961825,S
0,3,0,0,0,0,0,0.04296875,0,0,0,0,0.1888515,0.2463225,0.158625,-0.1881255,-0.206502,-0.1778265,0.376977,0.4528245,0.3364515,-0.003380062,0.0302677,-0.014171424,0.097564623,0.076930417,0.08297952,2.439763223,1.750528347,1.814326913,S
4,8,0,0,0,0,0.0859375,0.140625,0,0,0,0,0.276376,0.2504775,0.152498,-0.241936,-0.206502,-0.212507,0.518312,0.4569795,0.365005,0.002130582,0.043675981,-0.013442912,0.139193258,0.121378044,0.102611684,4.96110594,4.261804156,2.741907332,S
7,5,0,0,0,0,0.125,0.09765625,0,0,0,0,0.276376,0.2504775,0.152498,-0.241936,-0.206502,-0.212507,0.518312,0.4569795,0.365005,0.004779951,0.018451625,-0.015156794,0.155950644,0.141927604,0.109759959,6.23194636,5.24422072,3.143135841,S
5,3,0,0,0,0,0.09375,0.05859375,0,0,0,0,0.2320085,0.2375335,0.1365605,-0.251482,-0.2079855,-0.16965,0.4834905,0.445519,0.3062105,-0.013352759,0.004650302,-0.021027593,0.148964975,0.135446864,0.09846856,5.726606476,4.702096047,2.595825701,S
4,6,0,0,0,0,0.09375,0.1015625,0,0,0,0,0.2332255,0.2386785,0.128484,-0.251482,-0.2079855,-0.1517205,0.4847075,0.446664,0.2802045,-0.01997194,0.006595261,-0.024244111,0.133029799,0.120027944,0.08184737,4.632925158,3.699295901,1.866000597,S
2,7,0,0,0,0,0.0390625,0.06640625,0,0,0,0,0.2332255,0.2386785,0.1204755,-0.3117825,-0.2456705,-0.1816145,0.545008,0.484349,0.30209,-0.027514718,0.018040874,-0.026059543,0.123086526,0.114877592,0.068722216,4.073039338,3.462043059,1.383550843,S
3,8,0,0,0,0,0.04296875,0.07421875,0,0,0,0,0.218186,0.220211,0.124782,-0.3117825,-0.2456705,-0.1816145,0.5299685,0.4658815,0.3063965,-0.012876533,0.030823663,-0.018286216,0.131389332,0.116758449,0.075548754,4.46197999,3.734104303,1.547086378,S
3,4,0,0,0,0,0.04296875,0.05078125,0,0,0,0,0.218186,0.220211,0.124782,-0.2132185,-0.1829185,-0.1624925,0.4314045,0.4031295,0.2872745,-0.003187811,0.021557356,-0.015856401,0.123069792,0.100015675,0.072378306,3.880032157,2.680235561,1.405702841,S
0,0,0,0,0,0,0,0,0,0,0,0,0.1594705,0.1904905,0.081731,-0.2457575,-0.2047965,-0.1626395,0.405228,0.395287,0.2443705,-0.010085304,0.020223105,-0.014864763,0.118049989,0.100874227,0.065834552,3.593705083,2.71006237,1.166339204,S
0,0,0,0,0,0,0,0,0,0,0,0,0.183278,0.1904905,0.0852205,-0.2457575,-0.2047965,-0.1626395,0.4290355,0.395287,0.24786,-0.005474553,0.026495531,-0.01345315,0.125152633,0.107282406,0.070365016,4.017476933,3.126853134,1.314030015,S
0,0,0,0,0,0,0,0,0,0,0,0,0.1928255,0.1744165,0.0852205,-0.223519,-0.1811145,-0.153245,0.4163445,0.355531,0.2384655,0.000599553,0.026215064,-0.013370025,0.11437751,0.09358543,0.062114491,3.349139341,2.418725586,1.033642465,S
3,5,3,0,0,0,0.125,0.1328125,0.08984375,0,0,0,0.408863,0.3961985,0.2490655,-0.3237665,-0.311138,-0.288986,0.7326295,0.7073365,0.5380515,-0.023441942,0.007359621,-0.031628165,0.185385966,0.175800163,0.137908909,8.939424703,7.925778681,5.125917596,S
3,6,3,0,0,0,0.11328125,0.12109375,0.08984375,0,0,0,0.408863,0.3961985,0.2490655,-0.3542875,-0.328589,-0.307688,0.7631505,0.7247875,0.5567535,-0.00680486,0.032548247,-0.015789874,0.197285596,0.186734427,0.147048532,9.975831949,9.198917895,5.599632573,S
5,13,5,0,0,0,0.34375,0.3515625,0.296875,0,0,0,1.072767,1.477249,1.034651,-0.3542875,-0.328589,-0.307688,1.4270545,1.805838,1.342339,0.167914461,0.264874307,0.185909866,0.349026598,0.451135277,0.378115891,38.43199238,70.13260627,45.48329349,S
11,25,8,0,0,0,0.4765625,0.57421875,0.57421875,0,0,0,1.072767,1.477249,1.260312,-0.384427,-0.2298505,-0.4588555,1.457194,1.7070995,1.7191675,0.243978716,0.343533887,0.406813327,0.316349991,0.428483727,0.47719293,40.91787579,77.3311576,100.8273019,S
8,13,5,0,0,0,0.22265625,0.2578125,0.3515625,0,0,0,0.495715,0.6107695,1.260312,-0.7316835,-1.1102705,-1.7318465,1.2273985,1.72104,2.9921585,-0.12178771,-0.117719644,-0.221626471,0.394280891,0.427809676,0.908088939,43.60898701,50.41489039,223.7275344,S
3,1,3,0,0,0,0.12890625,0.02734375,0.078125,0,0,0,0.342676,0.229658,0.2883335,-0.7316835,-1.1102705,-1.7318465,1.0743595,1.3399285,2.02018,-0.23701265,-0.246199623,-0.467194953,0.337566221,0.328435024,0.666904852,43.60841811,43.19247193,169.9547719,S
3,3,3,0,0,0,0.203125,0.16015625,0.05859375,0,0,0,0.4688305,0.3786685,0.264478,-0.4175765,-0.5296235,-0.424673,0.886407,0.908292,0.689151,-0.035465025,-0.02121463,-0.042144846,0.23034423,0.212566849,0.175322617,13.90621318,11.68293993,8.325413484,S
2,4,2,0,0,0,0.1640625,0.16796875,0.05078125,0,0,0,0.4688305,0.3786685,0.264478,-0.4175765,-0.5296235,-0.424673,0.886407,0.908292,0.689151,0.017198887,0.034771545,-0.008255058,0.182923827,0.18173923,0.136375743,8.642069436,8.766190293,4.778689414,S
2,3,0,0,0,0,0.0234375,0.046875,0,0,0,0,0.2167075,0.221748,0.156667,-0.296888,-0.214378,-0.244118,0.5135955,0.436126,0.400785,-0.015483617,0.024655339,-0.008052375,0.12615687,0.099488537,0.091945316,4.135996077,2.690106698,2.180873021,S
5,6,0,0,0,0,0.08984375,0.12890625,0,0,0,0,0.2495175,0.288287,0.1862135,-0.3404315,-0.2535865,-0.244118,0.589949,0.5418735,0.4303315,-0.025734521,0.023214589,-0.00965827,0.172481871,0.136983585,0.118507417,7.786201222,4.942214382,3.619239545,S
3,4,0,0,0,0,0.06640625,0.08984375,0,0,0,0,0.2495175,0.288287,0.1862135,-0.3404315,-0.2535865,-0.213752,0.589949,0.5418735,0.3999655,-0.016228745,0.022145613,-0.014772558,0.146882526,0.114887237,0.094091272,5.590752595,3.505003797,2.322495575,S
1,0,0,0,0,0,0.01953125,0,0,0,0,0,0.2135595,0.164038,0.1396825,-0.2402975,-0.1393625,-0.174603,0.453857,0.3034005,0.3142855,-0.005510971,0.026593243,-0.015473994,0.117210404,0.082160168,0.077883432,3.524804654,1.909825619,1.614389441,S
1,0,0,0,0,0,0.01953125,0,0,0,0,0,0.2135595,0.164038,0.1396825,-0.2402975,-0.1393625,-0.174603,0.453857,0.3034005,0.3142855,-0.014926446,0.021644516,-0.019635251,0.098575955,0.071431949,0.06937758,2.544867317,1.426646628,1.331276205,S
2,11,8,0,0,0,0.23046875,0.2890625,0.2734375,0,0,0,0.991069,1.010463,0.854608,-0.15435,-0.096227,-0.1156015,1.145419,1.10669,0.9702095,0.138546049,0.222303868,0.142547687,0.308545447,0.364044712,0.298976864,29.30439191,46.62799481,28.10531392,S
16,24,13,0,0,0,0.4140625,0.52734375,0.55078125,0,0,0,0.991069,1.010463,0.9445705,-0.56174,-0.4153535,-1.4668625,1.552809,1.4258165,2.411433,0.153039161,0.299195895,0.239154086,0.349614027,0.392618017,0.558207199,37.31006499,62.46829336,94.46742286,S
15,13,6,0,0,0,0.2734375,0.2421875,0.34375,0,0,0,0.4508125,0.8774655,0.9445705,-0.6657095,-0.8520645,-1.5340145,1.116522,1.72953,2.478585,-0.098542123,-0.127550741,-0.22504458,0.328204771,0.426150264,0.8018107,30.07151457,50.6718184,177.5982833,S
4,1,2,0,0,0,0.1484375,0.0234375,0.09765625,0,0,0,0.4508125,0.2191915,0.328614,-0.6657095,-0.8520645,-1.5340145,1.116522,1.071256,1.8626285,-0.118472482,-0.206584852,-0.323692471,0.291788922,0.310554265,0.586980947,25.40322086,35.65771802,115.1315794,S
2,1,1,0,0,0,0.0625,0.0625,0.00390625,0,0,0,0.2433795,0.2930415,0.203698,-0.357536,-0.2759965,-0.253812,0.6009155,0.569038,0.45751,-0.035384354,-0.010310609,-0.024149049,0.188848914,0.134627499,0.136717598,9.451739051,4.667209607,4.934952005,S
2,1,0,0,0,0,0.0625,0.0625,0,0,0,0,0.2433795,0.2930415,0.168398,-0.3469635,-0.2759965,-0.232687,0.590343,0.569038,0.401085,-0.016637263,0.018971805,-0.02000737,0.144343371,0.120953651,0.102597159,5.40489943,3.83772701,2.797577088,S
0,0,0,0,0,0,0,0,0,0,0,0,0.1505225,0.141254,0.1216725,-0.212726,-0.203911,-0.2364485,0.3632485,0.345165,0.358121,-0.002177208,0.028652687,-0.016413601,0.100512672,0.087537759,0.094668332,2.587534345,2.172682898,2.363533257,S
11,17,16,0,0,0,0.359375,0.38671875,0.4140625,0,0,0,1.117516,1.129719,1.1167495,-0.212726,-0.203911,-0.2364485,1.330242,1.33363,1.353198,0.208166261,0.298895082,0.359909391,0.343333311,0.393062673,0.481581822,41.3133376,62.51149111,92.662225,S
12,17,16,0,0,0,0.37890625,0.38671875,0.48046875,0,0,0,1.117516,1.129719,1.1167495,-0.8570055,-0.947219,-1.986804,1.9745215,2.076938,3.1035535,0.02254392,0.129953025,-0.042163665,0.541323323,0.576734986,1.035587074,75.14653545,89.49171227,275.0016787,S
2,0,2,0,0,0,0.07421875,0,0.09375,0,0,0,0.2310895,0.1995105,0.81026,-0.8570055,-0.947219,-1.986804,1.088095,1.1467295,2.797064,-0.215149922,-0.217910465,-0.449975698,0.336510704,0.334341681,0.742429271,40.88569881,40.82043354,193.1443923,S
4,6,3,0,0,0,0.171875,0.08984375,0.08984375,0,0,0,0.3893415,0.2816695,0.2562705,-0.575249,-0.931907,-0.890635,0.9645905,1.2135765,1.1469055,-0.009952148,-0.041257323,-0.028066484,0.224666221,0.251066304,0.222290891,12.94703187,16.57423482,12.85223551,S
4,9,3,0,0,0,0.21484375,0.171875,0.1171875,0,0,0,0.3893415,0.322223,0.2562705,-0.406144,-0.269146,-0.311376,0.7954855,0.591369,0.5676465,0.005241852,0.030524395,-0.001372547,0.221920657,0.146882185,0.157724563,12.61474876,5.762497161,6.369005796,S
1,3,2,0,0,0,0.09765625,0.08203125,0.05078125,0,0,0,0.3397465,0.322223,0.2413155,-0.3142605,-0.223386,-0.233,0.654007,0.545609,0.4743155,-0.01752622,0.028936372,-0.022365086,0.173134293,0.113840764,0.122926216,7.752666002,3.532877805,3.996929416,S
0,0,0,0,0,0,0,0,0,0,0,0,0.19676,0.166714,0.141406,-0.292682,-0.1632325,-0.2105225,0.489442,0.3299465,0.3519285,-0.019336276,0.015560819,-0.024314586,0.117639259,0.079936866,0.09217125,3.638872927,1.698044793,2.326796215,S
0,0,0,0,0,0,0,0,0,0,0,0,0.184383,0.1673,0.1303205,-0.3201065,-0.2458235,-0.2697315,0.5044895,0.4131235,0.400052,-0.027054068,0.003014897,-0.026391726,0.124371851,0.098163396,0.102778069,4.148003565,2.469165443,2.883219338,S
0,0,0,0,0,0,0,0,0,0,0,0,0.1691515,0.1673,0.127133,-0.3201065,-0.2458235,-0.2697315,0.489258,0.4131235,0.3968645,-0.02319894,0.016922076,-0.019733562,0.132448257,0.091103239,0.101644188,4.629205478,2.198342503,2.744953769,S
0,0,0,0,0,0,0,0,0,0,0,0,0.190235,0.177194,0.1508015,-0.2677465,-0.1359685,-0.195555,0.4579815,0.3131625,0.3463565,-0.018532362,0.020885897,-0.018432827,0.12405639,0.076763129,0.093127104,4.028103165,1.620608666,2.307520961,S
0,0,0,0,0,0,0,0,0,0,0,0,0.1928005,0.177194,0.1508015,-0.282374,-0.1359685,-0.199096,0.4751745,0.3131625,0.3498975,-0.018459356,0.030236185,-0.015079125,0.14271702,0.088831021,0.102509804,5.301818061,2.255039572,2.748551215,S
3,2,0,0,0,0,0.0703125,0.01171875,0,0,0,0,0.240197,0.201141,0.166427,-0.282374,-0.1999045,-0.2243105,0.522571,0.4010455,0.3907375,-0.007691364,0.031523047,-0.009599267,0.15277642,0.101530984,0.10650783,5.990405804,2.894367968,2.927724463,S
3,2,0,0,0,0,0.0703125,0.01171875,0,0,0,0,0.240197,0.201141,0.166427,-0.281783,-0.1999045,-0.2243105,0.52198,0.4010455,0.3907375,-0.006109749,0.014965667,-0.012043089,0.14440761,0.102577074,0.099012427,5.348104369,2.751206964,2.546960184,S
5,10,6,0,0,0,0.33984375,0.38671875,0.375,0,0,0,0.9426055,1.254797,1.0782345,-0.274659,-0.1804685,-0.1804425,1.2172645,1.4352655,1.258677,0.219023167,0.293309846,0.260787305,0.338747227,0.396634706,0.38679114,41.70450413,62.38356826,55.7780656,S
5,15,9,0,0,0,0.33984375,0.4765625,0.5234375,0,0,0,0.9426055,1.254797,1.0782345,-0.9321,-1.092375,-2.260678,1.8747055,2.347172,3.3389125,0.0306948,0.119670644,-0.067707607,0.556152432,0.624197074,1.028800773,79.42435282,103.423742,272.1365142,S
5,9,4,0,0,0,0.1015625,0.22265625,0.2890625,0,0,0,0.2592655,0.396131,0.972214,-0.9321,-1.092375,-2.260678,1.1913655,1.488506,3.232892,-0.18689927,-0.166816767,-0.331419521,0.363425614,0.405469185,0.872536103,42.78936698,49.23949988,223.1263255,S
9,5,6,0,0,0,0.16796875,0.12890625,0.1953125,0,0,0,0.2592655,0.3531275,0.3084535,-0.3118885,-0.3614235,-0.360825,0.571154,0.714551,0.6692785,-0.007659385,-0.004972342,-0.010137358,0.156574998,0.184742443,0.185569842,6.291104089,8.74357532,8.842069424,S
8,1,6,0,0,0,0.16796875,0.0625,0.08984375,0,0,0,0.257774,0.287155,0.241776,-0.3022825,-0.2595845,-0.3322825,0.5600565,0.5467395,0.5740585,-0.014312488,0.018705337,-0.011458661,0.170194459,0.12459438,0.15387989,7.467981172,4.064004094,6.095573617,S
0,0,0,0,0,0,0,0,0,0,0,0,0.0361775,0.1044825,0.003436,-0.111691,-0.096699,-0.1132645,0.1478685,0.2011815,0.1167005,-0.031644033,0.010368261,-0.026697235,0.034877473,0.036178579,0.027623644,0.568753775,0.362703446,0.378519606,S
2,2,3,0,0,0,0.20703125,0.2578125,0.1640625,0,0,0,1.66054,1.171871,0.739732,-0.130615,-0.081792,-0.081319,1.791155,1.253663,0.821051,0.200478488,0.182492154,0.082918274,0.469446843,0.329408761,0.218169273,66.74661398,36.33756406,13.95203308,S
3,6,6,0,0,0,0.4453125,0.5,0.34765625,0,0,0,1.66054,1.171871,0.739732,-0.270357,-0.1464735,-0.0862075,1.930897,1.3183445,0.8259395,0.32884543,0.28814756,0.166349498,0.502799665,0.35546809,0.232636393,92.51052518,53.68599328,20.96638494,S
1,4,3,0,0,0,0.2421875,0.24609375,0.1875,0,0,0,0.94425,0.741437,0.526719,-1.404025,-1.0058095,-1.056629,2.348275,1.7472465,1.583348,-0.245432996,-0.16660165,-0.142967317,0.613861455,0.490973674,0.373630864,111.9484271,68.84343815,40.9905967,S
0,1,1,0,0,0,0,0.1484375,0.06640625,0,0,0,0.1949375,0.776551,0.4364455,-1.404025,-1.0058095,-1.056629,1.5989625,1.7823605,1.4930745,-0.389489041,-0.322046372,-0.24466156,0.434871464,0.449349118,0.333313634,87.40031693,78.3446087,43.82491718,S
1,3,1,0,0,0,0.046875,0.3359375,0.11328125,0,0,0,0.2842395,0.776937,0.4364455,-0.6155105,-0.9393105,-0.64322,0.89975,1.7162475,1.0796655,0.001239597,0.048722518,0.004819097,0.125173891,0.376582999,0.221036417,4.011531673,36.91466535,12.5133855,S
1,2,0,0,0,0,0.046875,0.19140625,0.05078125,0,0,0,0.2842395,0.776937,0.422524,-0.0411655,-0.0404935,-0.053363,0.325405,0.8174305,0.475887,0.022374829,0.1071678,0.030805253,0.069691266,0.159954165,0.089411104,1.37202204,9.501474585,2.290436115,S
0,0,0,0,0,0,0,0,0,0,0,0,0.007363,0.0571185,0.0070445,-0.027863,0.0070175,-0.036918,0.035226,0.050101,0.0439625,-0.013744473,0.021894539,-0.016760319,0.007546221,0.009635196,0.007940284,0.063128041,0.146964575,0.08833375,S
0,0,0,0,0,0,0,0,0,0,0,0,0.033202,0.0754675,0.0137475,-0.069229,-0.0514925,-0.06417,0.102431,0.12696,0.0779175,-0.009521148,0.024871045,-0.015540819,0.014583973,0.014818482,0.009836754,0.077746854,0.215186578,0.086840889,S
0,0,0,0,0,0,0,0,0,0,0,0,0.101958,0.089375,0.0368045,-0.165149,-0.135741,-0.1131255,0.267107,0.225116,0.14993,-0.016360646,0.012528377,-0.020235981,0.057366798,0.048480102,0.033461732,0.911274456,0.642020788,0.391880202,S
0,0,0,0,0,0,0,0,0,0,0,0,0.101958,0.09066,0.0368045,-0.170582,-0.19609,-0.160415,0.27254,0.28675,0.1972195,-0.038904683,-0.009569296,-0.033249333,0.069616039,0.065671463,0.045140309,1.629665203,1.12759557,0.805755922,S
1,1,1,0,0,0,0.10546875,0.1015625,0.00390625,0,0,0,0.442716,0.420154,0.200336,-0.170582,-0.19609,-0.160415,0.613298,0.616244,0.360751,0.007637543,0.041741233,-0.005313222,0.13427983,0.116955699,0.069234237,4.630945945,3.94950965,1.234360373,S
1,1,1,0,0,0,0.10546875,0.1015625,0.00390625,0,0,0,0.442716,0.420154,0.200336,-0.078568,0.002977,-0.0318245,0.521284,0.417177,0.2321605,0.053428354,0.075039187,0.018885996,0.11808302,0.094441739,0.054604167,4.303190876,3.730462034,0.854960434,S
0,0,0,0,0,0,0,0,0,0,0,0,0.120262,0.103324,0.052644,-0.188267,-0.115195,-0.085215,0.308529,0.218519,0.137859,-0.014988698,0.008344747,-0.020722895,0.079300604,0.060548675,0.039795511,1.66761585,0.956428511,0.515788433,S
1,1,0,0,0,0,0.046875,0.09375,0,0,0,0,0.222213,0.2609765,0.098084,-0.188267,-0.129842,-0.09897,0.41048,0.3908185,0.197054,-0.038283537,0.006435671,-0.02592123,0.109818041,0.103929529,0.055233258,3.464027273,2.775789246,0.953663386,S
1,1,0,0,0,0,0.046875,0.09375,0,0,0,0,0.222213,0.2609765,0.098084,-0.185583,-0.192746,-0.1254685,0.407796,0.4537225,0.2235525,-0.02673677,0.01240016,-0.020818696,0.106401391,0.105533664,0.056302947,3.081959253,2.890680047,0.922914037,S
0,0,0,0,0,0,0,0,0,0,0,0,0.1263275,0.1606755,0.0465125,-0.185583,-0.192746,-0.1254685,0.3119105,0.3534215,0.171981,-0.001039796,0.018661922,-0.017082516,0.073284906,0.070512538,0.04001582,1.375171296,1.362341302,0.484919838,S
0,0,0,0,0,0,0,0,0,0,0,0,0.1263275,0.1606755,0.0465125,-0.0752805,-0.0197735,-0.0406875,0.201608,0.180449,0.0872,0.008298463,0.033650381,-0.008472187,0.052095386,0.042186871,0.023305363,0.712464053,0.746624892,0.157490754,S
0,0,0,0,0,0,0,0,0,0,0,0,0.0421705,0.0677645,0.0060195,-0.0752805,-0.0197735,-0.0406875,0.117451,0.087538,0.046707,-0.016980732,0.017815054,-0.018022385,0.028953258,0.021771981,0.013111978,0.288707254,0.202914575,0.127487773,S
0,0,0,0,0,0,0,0,0,0,0,0,0.0421705,0.0677645,0.0060195,-0.0809455,-0.0265515,-0.0579575,0.123116,0.094316,0.063977,-0.01224507,0.022042255,-0.017104967,0.027147015,0.019848323,0.015498974,0.2271969,0.225718999,0.136688887,S
0,0,0,0,0,0,0,0,0,0,0,0,0.055334,0.0660665,0.0114445,-0.0809455,-0.0265515,-0.0579575,0.1362795,0.092618,0.069402,-0.01326007,0.02207637,-0.01770687,0.023886328,0.01673691,0.014276308,0.191250671,0.19696487,0.132754162,S
0,0,0,0,0,0,0,0,0,0,0,0,0.055334,0.0660665,0.0114445,-0.103211,-0.043177,-0.060826,0.158545,0.1092435,0.0722705,-0.013540907,0.022102724,-0.017301438,0.027996967,0.019333267,0.013278389,0.247783045,0.221238766,0.122067113,S
0,0,0,0,0,0,0,0,0,0,0,0,0.0097,0.0566055,0.0194745,-0.103211,-0.043177,-0.060826,0.112911,0.0997825,0.0803005,-0.020485251,0.020970848,-0.021246235,0.024032535,0.019115774,0.016949752,0.255704956,0.206568231,0.189557737,S
0,0,0,0,0,0,0,0,0,0,0,0,0.09385,0.1109875,0.0394545,-0.048981,-5.9E-05,-0.0528905,0.142831,0.1110465,0.092345,0.005774745,0.04090406,-0.006642411,0.035988893,0.028286812,0.023206924,0.340141664,0.634834333,0.149210953,S
0,0,0,0,0,0,0,0,0,0,0,0,0.09385,0.1109875,0.0394545,-0.3412905,-0.4710805,-0.2407365,0.4351405,0.582068,0.280191,-0.032537432,-0.018044014,-0.034513239,0.106165746,0.137042676,0.071242757,3.157500328,4.891533657,1.605464864,S
4,2,1,0,0,0,0.1328125,0.19140625,0.140625,0,0,0,0.449175,1.3938245,0.8815995,-0.3412905,-0.689819,-0.601834,0.7904655,2.0836435,1.4834335,-0.013512181,0.029598568,-0.03239916,0.171948892,0.443164938,0.258596749,7.615926728,50.50231299,17.38907769,S
5,3,2,0,0,0,0.21484375,0.26953125,0.203125,0,0,0,1.2787375,1.3938245,0.8919525,-0.6437185,-0.689819,-0.601834,1.922456,2.0836435,1.4937865,0.028042249,0.10678551,0.01106549,0.34318757,0.429030634,0.321282028,30.35318986,50.0518332,26.4563366,S
3,7,6,0,0,0,0.21484375,0.3359375,0.171875,0,0,0,1.2787375,0.7990885,0.8919525,-0.6437185,-0.12339,-0.33498,1.922456,0.9224785,1.2269325,0.050163562,0.139317428,0.060315401,0.33634046,0.186235097,0.227660971,29.60668607,13.86718075,14.2033091,S
2,10,6,0,0,0,0.12890625,0.3046875,0.109375,0,0,0,0.426192,0.5623135,0.3423835,-0.366245,-0.86056,-0.5711685,0.792437,1.4228735,0.913552,0.007534119,0.004150689,-0.006595418,0.161486747,0.304995488,0.193778958,6.690548296,23.81812314,9.624052237,S
0,5,1,0,0,0,0,0.12890625,0.00390625,0,0,0,0.110028,0.3537005,0.2014475,-0.366245,-0.86056,-0.5711685,0.476273,1.2142605,0.772616,-0.062844175,-0.063868008,-0.066830103,0.089755846,0.245363221,0.150264372,3.077357955,16.46033062,6.92815117,S
5,8,7,0,0,0,0.47265625,0.48828125,0.265625,0,0,0,1.9361635,1.308964,0.5553825,-1.7876535,-1.7043835,-0.656642,3.723817,3.0133475,1.2120245,0.127224218,0.140782667,0.029396189,0.868806233,0.666438537,0.26368894,197.3948157,118.7936009,18.02223831,US
7,15,7,0,0,0,0.44921875,0.484375,0.38671875,0,0,0,1.9361635,1.308964,0.994018,-3.1363845,-1.7127175,-2.027916,5.072548,3.0216815,3.021934,-0.100531282,0.022739257,-0.012324831,1.212092713,0.846331947,0.699220918,378.7045789,183.4999956,125.1999712,US
6,15,5,1,2,0,0.5625,0.484375,0.5078125,0,0,0,2.632561,2.1871675,1.6215655,-3.1363845,-1.7127175,-2.027916,5.7689455,3.899885,3.6494815,0.226388163,0.185449564,0.169394488,1.372766514,1.019558066,0.872611835,495.6005646,274.9502803,202.3060467,US
3,5,2,1,2,0,0.4140625,0.3203125,0.26953125,0,0,0,2.632561,2.1871675,1.6215655,-2.373522,-1.700355,-1.3262675,5.006083,3.8875225,2.947833,-0.093369385,-0.07645693,-0.034922002,1.330993108,1.034778242,0.758911693,455.7554046,275.6184335,147.7558446,US
4,2,0,0,0,0,0.16796875,0.19140625,0.02734375,0,0,0,0.9574585,0.729213,0.6638795,-2.373522,-2.28633,-2.745998,3.3309805,3.015543,3.4098775,-0.460936531,-0.547513414,-0.516242809,0.861759876,0.801813679,0.742304532,244.7161605,241.6248565,209.5523066,US
5,3,4,2,2,2,0.3359375,0.36328125,0.30078125,0,0.05078125,0,2.9871875,3.4673365,2.9735065,-1.1627955,-2.28633,-2.745998,4.149983,5.7536665,5.7195045,0.354737792,0.221358424,0.099391819,0.992265157,1.369033538,1.191484372,284.3956741,492.401609,365.9653968,US
4,3,7,3,3,4,0.453125,0.390625,0.42578125,0.0390625,0.0859375,0,3.86898,3.584415,2.9735065,-3.5941615,-2.9749565,-2.1865015,7.4631415,6.5593715,5.160008,0.200740663,0.301860743,0.248269076,1.692126907,1.684033767,1.280392858,743.3594091,749.4260665,435.5287493,US
5,2,3,1,1,2,0.26953125,0.15234375,0.1796875,0.0390625,0.03515625,0,3.86898,3.584415,2.4209005,-3.758459,-3.3921735,-2.1865015,7.627439,6.9765885,4.607402,-0.371664506,-0.504049646,-0.397014759,1.526057894,1.385308829,0.98670262,631.6868578,556.5795949,289.7455323,US
7,6,8,0,1,1,0.39453125,0.37109375,0.34765625,0,0,0,1.894527,2.984093,2.320997,-3.758459,-3.3921735,-1.4627095,5.652986,6.3762665,3.7837065,0.044057613,0.074483163,0.000151218,1.150762965,1.34344063,0.843745113,339.5082384,463.4629477,182.2478945,US
5,10,10,0,1,1,0.51953125,0.5390625,0.44921875,0,0,0,1.894527,2.984093,2.320997,-2.8391955,-2.217141,-0.842585,4.7337225,5.201234,3.163582,0.102218023,0.36826034,0.248688905,1.207737149,1.25484693,0.67431025,376.0943,437.9612787,132.2962103,US
4,9,9,0,0,0,0.44921875,0.41796875,0.3671875,0,0,0,1.558815,1.5347665,0.8186025,-2.8391955,-2.217141,-0.913637,4.3980105,3.7519075,1.7322395,-0.139552955,-0.027353749,0.021345576,1.112287929,0.889522021,0.42801763,321.7242977,202.7521474,47.01606525,US
8,6,10,0,0,0,0.45703125,0.3515625,0.32421875,0,0,0,1.555886,1.470524,0.8186025,-1.9831435,-1.937449,-2.6129745,3.5390295,3.407973,3.431577,-0.038374895,-0.225153253,-0.234484626,0.893734844,0.724255049,0.735774241,204.8615312,147.311971,152.7197571,US
7,6,5,2,3,1,0.45703125,0.38671875,0.36328125,0.0859375,0.1015625,0.00390625,3.8795665,3.484533,3.007195,-3.749257,-3.0851265,-2.6129745,7.6288235,6.5696595,5.6201695,0.111161002,-0.048964362,-0.09278485,1.725604063,1.665119323,1.225804418,765.4692918,710.4074842,386.877217,US
4,4,6,3,3,0,0.34375,0.375,0.46875,0.046875,0.05078125,0,3.285975,3.4654045,1.9915715,-3.510671,-3.3025855,-2.0603545,6.796646,6.76799,4.051926,-0.009719438,0.124072842,0.171712189,1.602303056,1.655024116,1.012135452,657.2722992,705.1671111,269.8287167,US
5,3,3,2,1,0,0.34765625,0.3125,0.17578125,0,0,0,2.186282,2.8549685,1.359431,-3.3373,-3.2049875,-1.3913495,5.523582,6.059956,2.7507805,-0.09429644,-0.085240379,-0.043615759,1.140464322,1.134246461,0.533763298,335.2538682,331.2151908,73.42413417,US
4,3,5,2,1,0,0.39453125,0.375,0.1640625,0,0,0,2.112253,2.2052105,0.484482,-2.4855755,-1.9892695,-0.6519145,4.5978285,4.19448,1.1363965,0.004986453,0.031558986,-0.014663298,1.169624761,0.988084449,0.220657867,350.2200432,250.1915489,12.51987109,US
4,4,4,2,1,0,0.3359375,0.3203125,0.12890625,0,0,0,2.1823675,2.2052105,0.484482,-2.4855755,-1.9892695,-0.6519145,4.667943,4.19448,1.1363965,0.113230259,0.11537044,-0.009531467,1.037640879,0.886318893,0.208622207,278.9298606,204.524419,11.16529379,US
4,4,1,1,0,0,0.3359375,0.30859375,0.01171875,0,0,0,2.1823675,1.449258,0.209877,-2.620843,-2.1022865,-1.324757,4.8032105,3.5515445,1.534634,-0.021317148,-0.02882657,-0.049665193,0.968750235,0.756202637,0.199511277,240.3669029,146.605221,10.82394018,US
5,2,2,1,1,1,0.47265625,0.3828125,0.20703125,0.046875,0.0625,0,3.882696,3.850904,2.8544295,-2.620843,-2.1022865,-1.4687405,6.503539,5.9531905,4.32317,0.25724128,0.215396619,0.059291716,1.27409337,1.291311196,0.879943118,432.5748427,438.7997545,199.1242575,US
13,4,4,1,1,1,0.51171875,0.25390625,0.30078125,0.046875,0.0625,0,3.882696,3.850904,2.8544295,-4.127159,-3.8242785,-2.087185,8.009855,7.6751825,4.9416145,0.070811753,-0.224619854,-0.270189788,1.609301541,1.644285405,1.158690172,664.2906476,705.1073686,362.4577544,US
13,4,3,0,0,0,0.46875,0.12890625,0.12890625,0,0,0,1.2302875,1.1188005,0.9140695,-4.127159,-3.8242785,-2.087185,5.3574465,4.943079,3.0012545,-0.304529064,-0.569584508,-0.390378877,1.253682284,1.091043484,0.729300154,426.1937864,388.1138395,175.3266376,US
6,3,3,0,1,2,0.328125,0.25,0.2265625,0,0.04296875,0,1.9571435,3.5568315,2.525117,-2.210222,-2.1401165,-3.315188,4.1673655,5.696948,5.840305,-0.078434187,0.142120263,0.080739821,0.731030681,1.077919177,1.033957314,138.388943,302.6398262,275.3567001,US
3,3,3,1,3,3,0.265625,0.3515625,0.38671875,0,0.10546875,0,2.8415335,3.8255315,2.809056,-2.3354995,-2.1401165,-3.315188,5.177033,5.965648,6.124244,0.039457095,0.376012375,0.27963186,1.138031179,1.532942264,1.341552299,331.9495448,637.9134921,480.8350699,US
3,3,6,2,3,1,0.31640625,0.3203125,0.27734375,0,0.0625,0,2.974211,3.8255315,2.809056,-2.9466745,-2.4790845,-3.1131075,5.9208855,6.304616,5.9221635,0.041206317,0.138927167,0.187169031,1.459152029,1.45802442,0.910661194,545.4922846,549.1741084,221.3050625,US
3,3,7,2,2,0,0.359375,0.37109375,0.1328125,0,0,0,2.980656,2.5545835,0.296277,-2.9466745,-2.4790845,-0.5155745,5.9273305,5.033668,0.8118515,-0.124760247,-0.10079923,-0.007478623,1.609238868,1.309780264,0.181731717,666.950568,441.7854758,8.469136691,US
3,4,3,2,3,0,0.38671875,0.38671875,0.0859375,0,0,0,2.980656,2.5545835,0.281209,-2.8389835,-2.4070855,-0.5155745,5.8196395,4.961669,0.7967835,-0.038154072,-0.023446588,-0.026015815,1.50229927,1.23115309,0.157621823,578.1413159,388.170194,6.53417102,US
2,5,3,2,5,0,0.34765625,0.33203125,0.09765625,0.05078125,0,0,3.5208785,2.812944,0.398237,-3.3729465,-2.7659645,-0.359721,6.893825,5.5789085,0.757958,0.011778379,0.0157893,-0.024670877,1.628336185,1.314708686,0.144654302,678.8142091,442.5495567,5.513189581,US
2,4,3,2,3,0,0.33984375,0.33203125,0.1171875,0.05078125,0,0,3.5208785,2.812944,0.398237,-3.3729465,-2.7659645,-0.359721,6.893825,5.5789085,0.757958,-0.00046777,0.001865556,-0.023702774,1.576286725,1.299227625,0.160364555,636.0780951,432.1269542,6.727886501,US
2,2,2,2,1,0,0.359375,0.35546875,0.1015625,0.0390625,0,0,3.3585055,2.5619995,0.346556,-3.244796,-2.8831585,-0.3259055,6.6033015,5.445158,0.6724615,0.01115499,-0.006978195,-0.025960204,1.571175336,1.315721166,0.144031509,631.991515,443.1797942,5.483939939,US
2,2,2,1,2,0,0.3046875,0.3203125,0.1171875,0.0390625,0,0,3.3585055,2.58776,0.468012,-3.244796,-2.8831585,-0.5620205,6.6033015,5.4709185,1.0300325,0.0026813,0.004988782,-0.051284416,1.439005763,1.329565363,0.202777012,530.1106699,452.548874,11.20227368,US
5,5,3,2,2,0,0.3984375,0.4609375,0.18359375,0,0,0,2.9567675,2.808283,0.5809365,-2.103732,-2.0031705,-0.8348145,5.0604995,4.8114535,1.415751,0.325553383,0.351525414,-0.02311021,1.076064626,1.154056175,0.283786693,323.6644064,372.710008,20.75419015,US
5,6,3,3,2,0,0.4140625,0.484375,0.17578125,0,0,0,2.9567675,2.967393,0.5809365,-3.681319,-4.076486,-0.8348145,6.6380865,7.043879,1.415751,0.248612097,0.237598488,-0.012649356,1.499172626,1.638751922,0.266023602,591.2494018,701.9984442,18.15787214,US
2,3,4,0,0,0,0.34765625,0.34375,0.12109375,0,0,0,1.7927935,1.936025,0.387829,-2.235311,-2.3864325,-0.476387,4.0281045,4.3224575,0.864216,-0.056978728,-0.06868192,-0.006280545,1.04037457,1.038940621,0.169950797,277.9234569,277.5381114,7.404255438,US
2,2,5,0,0,0,0.3203125,0.3203125,0.13671875,0,0,0,1.7927935,1.936025,0.387829,-2.235311,-2.3864325,-0.476387,4.0281045,4.3224575,0.864216,-0.19583766,-0.180274074,-0.003019809,1.034676975,1.085773654,0.184777323,283.9190132,310.1517099,8.742864345,US
3,4,4,2,3,0,0.40625,0.38671875,0.12890625,0.02734375,0,0,3.4733815,2.525881,1.5956735,-2.521561,-2.6285,-1.252218,5.9949425,5.154381,2.8478915,0.119445473,0.002653589,-0.041522932,1.310451903,1.288011355,0.43630141,443.2914285,424.6989615,49.17499121,US
2,3,7,2,3,0,0.3359375,0.3203125,0.24609375,0.0390625,0.01953125,0,3.4733815,3.745037,1.5956735,-2.521561,-2.6285,-1.252218,5.9949425,6.373537,2.8478915,0.127755724,0.018978138,-0.078129047,1.402767759,1.394622297,0.565194362,507.9405226,498.0052296,83.34660076,US
2,2,10,2,1,0,0.26171875,0.2890625,0.27734375,0.09375,0.09765625,0,4.172627,4.0950965,1.4577015,-3.205987,-2.653174,-1.3107685,7.378614,6.7482705,2.76847,-0.069660498,0.186833356,-0.113478992,1.788124027,1.654016727,0.648680855,819.7783236,709.328484,111.0309468,US
5,7,7,5,6,0,0.48046875,0.5078125,0.2421875,0.0859375,0.08203125,0,4.172627,4.0950965,1.4577015,-3.208136,-3.5605455,-1.3107685,7.380763,7.655642,2.76847,0.13686494,0.384851333,-0.099118298,2.146897423,2.043658596,0.627352205,1184.761274,1107.258768,103.2790022,US
6,9,4,3,5,0,0.4765625,0.49609375,0.31640625,0,0,0,2.805088,2.821372,0.946294,-3.208136,-3.5605455,-0.8867985,6.013224,6.3819175,1.8330925,-0.046488339,-0.045981813,0.017992889,1.650029079,1.750387994,0.451716559,697.539986,784.891063,52.31945164,US
6,8,5,1,2,0,0.4375,0.46484375,0.375,0,0,0,2.1586915,2.0515395,1.058945,-2.7394205,-3.38029,-0.6642795,4.898112,5.4318295,1.7232245,-0.185197119,-0.217691556,0.062053981,1.360524992,1.453947379,0.472204094,482.6778123,553.3536541,58.07166579,US
4,6,3,2,3,0,0.4921875,0.4921875,0.24609375,0,0.04296875,0,2.890542,3.477903,1.1538015,-2.4024105,-2.860974,-1.1665635,5.2929525,6.338877,2.320365,0.30859492,0.2841595,-0.084548679,1.317990045,1.493278375,0.546337674,469.1713484,591.6012402,78.24928182,US
1,2,2,1,1,0,0.2421875,0.23046875,0.2109375,0,0.04296875,0,2.890542,3.477903,1.219035,-2.733708,-3.202297,-1.1665635,5.62425,6.6802,2.3855985,-0.004435994,-0.017470893,0.004870134,1.14818871,1.350006943,0.51683148,337.4994095,466.6432434,68.38747884,US
1,1,2,1,1,0,0.14453125,0.14453125,0.21484375,0,0,0,2.5921205,2.5937465,1.219035,-2.733708,-3.202297,-1.2936515,5.3258285,5.7960435,2.5126865,-0.121523325,-0.134715278,0.025403922,1.049669507,1.133435699,0.468293896,285.8577099,333.5412688,56.30644569,US
4,2,4,1,2,0,0.28125,0.2890625,0.2109375,0,0,0,2.5921205,2.5937465,1.6382045,-2.6296595,-3.24925,-1.2936515,5.22178,5.8429965,2.931856,0.10809635,0.131888335,-0.059593553,1.122057734,1.302395812,0.578680778,325.3104697,438.7065165,86.6397971,US
4,3,5,0,1,0,0.32421875,0.34375,0.265625,0,0,0,1.810304,2.580364,1.7930195,-3.0727755,-3.8199585,-0.9473735,4.8830795,6.4003225,2.740393,-0.231995239,-0.249450442,0.111734126,1.270425062,1.553237688,0.631008894,427.0110389,633.6040722,105.1406098,US
7,8,3,0,1,0,0.45703125,0.48828125,0.24609375,0,0,0,1.7035115,2.288095,1.7930195,-3.0727755,-3.8199585,-1.237923,4.776287,6.1080535,3.0309425,-0.13681637,-0.145361465,0.061893947,1.263015227,1.572943107,0.628096924,413.1838213,638.8128027,101.9780021,US
7,7,2,0,2,0,0.48046875,0.5078125,0.2109375,0,0,0,1.7035115,2.5214215,1.433173,-2.3388085,-3.116437,-1.237923,4.04232,5.6378585,2.671096,0.195277889,0.305339961,-0.118373765,0.919936558,1.268508953,0.572818239,226.4488149,435.8941811,87.6000815,US
2,2,3,0,1,0,0.375,0.39453125,0.30859375,0,0,0,1.5521175,2.5214215,1.018199,-1.730316,-2.034968,-1.2119705,3.2824335,4.5563895,2.2301695,0.031366739,0.098206693,-0.029710572,0.813551701,1.049708065,0.536093788,169.6906461,284.5617281,73.80037536,US
2,2,2,0,0,0,0.32421875,0.34375,0.296875,0,0,0,1.6036145,1.8823295,1.018199,-1.730316,-2.034968,-1.051842,3.3339305,3.9172975,2.070041,-0.07573208,-0.058313274,0.023712656,0.816459183,0.917346101,0.490112041,172.1250174,216.304023,61.63822058,US
3,3,2,0,0,0,0.39453125,0.41796875,0.28515625,0,0,0,1.6036145,1.8823295,0.8658075,-1.398852,-1.6809945,-1.051842,3.0024665,3.563324,1.9176495,0.032093975,0.071112309,-0.033017375,0.765646332,0.863942497,0.468161068,150.3355782,192.377178,56.38891299,US
6,4,3,0,0,0,0.46875,0.51171875,0.28515625,0,0,0,1.107576,1.540325,0.8658075,-1.398852,-1.7258415,-0.6749925,2.506428,3.2661665,1.5408,0.002906584,0.02257434,-0.02926506,0.723611483,0.948482116,0.407322034,134.0472472,230.4332583,42.69338329,US
7,4,4,0,0,0,0.36328125,0.39453125,0.1640625,0,0,0,1.3158815,1.7832795,0.9699625,-1.591738,-2.0496425,-0.9409215,2.9076195,3.832922,1.910884,0.021081263,0.03719613,-0.039378233,0.66815279,0.963463667,0.374756968,114.3998225,237.9907056,36.35186885,US
7,5,5,0,2,0,0.38671875,0.359375,0.21484375,0,0,0,1.5180885,2.6038655,1.099759,-1.7190305,-2.792351,-1.1745875,3.237119,5.3962165,2.2743465,0.032034589,0.051359879,-0.050804895,0.8355494,1.241111852,0.516329015,178.9882942,395.0097335,68.91183902,US
6,8,2,0,2,0,0.59765625,0.53125,0.1328125,0,0,0,1.5180885,2.6038655,1.099759,-1.7190305,-2.792351,-1.1745875,3.237119,5.3962165,2.2743465,0.311517418,0.31063607,-0.147648866,0.75846964,1.108721601,0.41899107,172.2107829,339.490634,50.54434852,US
4,6,2,0,1,1,0.4453125,0.40234375,0.21484375,0,0.0234375,0,1.477595,3.2667655,2.1824855,-2.4592035,-3.500857,-1.5776825,3.9367985,6.7676225,3.760168,0.036069494,-0.03760266,0.04285123,0.971359565,1.4564734,0.752050365,241.8804469,543.4199673,145.2603269,US
11,9,3,0,6,2,0.34765625,0.26171875,0.3828125,0,0.0234375,0,1.4013015,3.2667655,2.3420565,-2.4592035,-3.500857,-1.5776825,3.860505,6.7676225,3.919739,-0.286699304,-0.499005623,0.254395553,1.044794007,1.781759259,0.968198474,300.5726942,876.7092098,256.608815,US
14,17,5,0,6,1,0.3984375,0.42578125,0.30078125,0,0,0,1.74477,2.780347,2.3420565,-1.953761,-3.4881675,-1.2709205,3.698531,6.2685145,3.612977,-0.04798072,0.189064761,0.109798996,0.861927481,1.492872262,0.774762916,190.7789121,579.7254923,156.764285,US
9,13,6,0,1,0,0.21484375,0.51953125,0.16015625,0,0,0,1.74477,2.780347,1.1373695,-1.953761,-2.966162,-1.092328,3.698531,5.746509,2.2296975,-0.043986698,0.310936477,-0.034492535,0.546684066,1.225784375,0.401493377,77.00629897,409.4992611,41.57217637,US
8,13,5,0,0,0,0.1171875,0.62890625,0.05078125,0,0,0,0.32474,1.4839735,0.2951775,-1.602445,-3.5155715,-0.51122,1.927185,4.999545,0.8063975,-0.070466,0.121036212,-0.042382556,0.343313495,1.224839474,0.165319367,31.44934647,387.8243142,7.458250501,US
9,12,5,0,3,0,0.2421875,0.5625,0.12890625,0,0.04296875,0,0.710258,3.4650645,1.293051,-1.6551155,-4.1082365,-1.1094795,2.3653735,7.573301,2.4025305,-0.044018105,-0.147245667,-0.06063134,0.46732154,1.976193402,0.442046021,56.40565346,1005.339223,50.96837234,US
6,4,3,0,3,0,0.203125,0.31640625,0.1328125,0,0.04296875,0,0.710258,3.4650645,1.293051,-1.6551155,-4.1082365,-1.1094795,2.3653735,7.573301,2.4025305,-0.037438027,-0.244726821,-0.042240683,0.391896301,1.904862685,0.435084504,39.67738666,944.2885164,48.91898123,US
6,8,3,0,4,0,0.1484375,0.33203125,0.171875,0,0,0,0.6308025,2.512359,1.673684,-0.495022,-2.08807,-1.4711025,1.1258245,4.600429,3.1447865,0.004367016,0.20627336,0.048867399,0.217227195,0.964161295,0.54892574,12.08494074,248.9144084,77.7515056,US
8,20,9,0,4,0,0.1796875,0.43359375,0.23828125,0,0,0,0.6453175,2.512359,1.673684,-1.389385,-3.1520105,-2.2876885,2.0347025,5.6643695,3.9613725,-0.039584634,-0.085466043,-0.049437126,0.371351922,1.185219904,0.735967547,35.70568048,361.4922749,139.2900625,US
7,19,12,0,0,0,0.15625,0.5234375,0.296875,0,0,0,0.6453175,1.6364125,1.1643065,-1.389385,-3.1520105,-2.2876885,2.0347025,4.788423,3.451995,-0.07189501,-0.084198418,-0.060227981,0.364624188,1.23551696,0.611453461,35.36380976,392.6065216,96.64433008,US
11,14,10,0,4,0,0.19921875,0.546875,0.4140625,0,0,0,0.6206095,2.3310715,1.769065,-0.9090765,-2.951347,-1.6881985,1.529686,5.2824185,3.4572635,-0.043432342,0.233215912,0.080967537,0.299684241,1.2345101,0.63723274,23.47632168,404.126031,105.6376103,US
11,10,8,0,4,0,0.25,0.375,0.2734375,0,0,0,0.664525,2.3310715,1.769065,-0.9090765,-2.3409525,-1.466197,1.5736015,4.672024,3.235262,-0.00324944,-0.035459837,-0.026410514,0.291873957,1.081146519,0.596986753,21.81145777,299.5558675,91.41591643,US
8,13,5,0,0,0,0.22265625,0.44140625,0.10546875,0,0,0,0.664525,1.9988885,0.5986995,-0.337223,-2.8376105,-1.1030155,1.001748,4.836499,1.701715,0.047199632,-0.041406249,-0.128695027,0.208781296,1.017329679,0.309413982,11.73149107,265.3902978,28.76521448,US
9,20,10,0,0,0,0.23046875,0.54296875,0.2734375,0,0,0,1.0279805,1.9988885,1.0718545,-1.332952,-2.8376105,-2.4990235,2.3609325,4.836499,3.570878,0.002713181,0.066812253,-0.0702383,0.404204493,1.122294769,0.605797551,41.82749746,323.5908771,95.21750098,US
8,15,13,0,5,0,0.28515625,0.48046875,0.4375,0,0,0,1.223816,2.3474105,1.4034855,-1.332952,-2.58541,-2.4990235,2.556768,4.9328205,3.902509,-0.037485957,0.01761571,0.033068447,0.574923803,1.339624354,0.747552601,84.97870462,459.4956637,143.3427675,US
7,11,9,0,5,0,0.23046875,0.484375,0.34375,0,0,0,1.223816,2.3474105,1.4034855,-1.2244285,-2.2650385,-1.3642505,2.4482445,4.612449,2.767736,-0.043370033,0.109350541,0.065085379,0.526628612,1.200602612,0.53159966,71.4818567,372.0834256,73.43381812,US
9,7,6,0,0,0,0.30859375,0.3984375,0.265625,0,0,0,0.9917155,1.3108345,0.7167105,-1.153362,-1.427088,-0.8703945,2.1450775,2.7379225,1.587105,0.00236629,0.003457584,-0.018256292,0.425700942,0.714541047,0.383956039,46.39408986,130.7087129,37.82574941,US
7,7,6,0,0,0,0.3515625,0.3671875,0.30859375,0,0,0,1.249435,1.680514,0.8792035,-1.100844,-1.8768885,-1.6597485,2.350279,3.5574025,2.538952,0.058776432,-0.021039909,-0.087085195,0.486593811,0.891988266,0.530381354,61.50187527,203.7983935,73.96296591,US
5,8,6,0,0,0,0.3125,0.4140625,0.32421875,0,0,0,1.523935,1.680514,1.6799825,-1.3344235,-1.8768885,-1.6597485,2.8583585,3.5574025,3.339731,0.039495023,0.002848167,-0.026159858,0.597553888,0.984340261,0.673499499,91.81096926,248.0470768,116.2978781,US
7,9,9,0,0,0,0.3046875,0.43359375,0.359375,0,0,0,1.523935,1.8950845,1.6799825,-1.4425815,-2.0743085,-1.5550525,2.9665165,3.969393,3.235035,-0.030118329,0.065323523,0.112698245,0.586844636,1.091491939,0.663473369,88.39610467,306.0834517,115.9545392,US
8,18,10,0,0,0,0.25390625,0.5546875,0.37109375,0,0,0,0.927386,1.8950845,1.820264,-1.4425815,-2.0743085,-1.57229,2.3699675,3.969393,3.392554,-0.153667412,0.354962714,0.140122027,0.513065362,1.031397722,0.655123619,73.45714691,304.7096248,114.9178456,US
7,21,9,0,4,0,0.23046875,0.5390625,0.33984375,0,0,0,0.900488,2.119543,1.820264,-1.6101735,-3.700841,-1.57229,2.5106615,5.820384,3.392554,-0.248597702,0.28063508,0.142535185,0.577606063,1.252276307,0.72760467,101.2917738,421.6984672,140.7498741,US
7,16,10,0,4,0,0.24609375,0.41015625,0.39453125,0,0,0,1.242411,2.119543,1.8370885,-1.6101735,-3.722166,-3.1736285,2.8525845,5.841709,5.010717,-0.196973144,-0.074841732,-0.028661916,0.662582809,1.452523245,1.004884629,122.3592843,541.554417,258.7181651,US
6,8,4,0,1,0,0.36328125,0.39453125,0.328125,0,0,0,1.68941,2.4573985,1.663877,-1.812906,-2.346498,-1.0803775,3.502316,4.8038965,2.7442545,-0.056971663,-0.194729584,-0.054333891,0.878047912,1.114141397,0.662834277,198.2020057,327.5209692,113.2321235,US
3,9,3,0,0,0,0.171875,0.390625,0.19921875,0,0,0,1.4332275,0.815847,0.801339,-0.936068,-1.4952525,-1.016249,2.3692955,2.3110995,1.817588,-0.096822403,-0.055805121,-0.092167076,0.478089996,0.534018695,0.406587182,60.92319771,73.80539987,44.50331884,US
6,6,4,0,0,0,0.15625,0.296875,0.19140625,0,0,0,0.568459,1.38997,1.1799735,-1.012466,-1.8659315,-0.8646825,1.580925,3.2559015,2.044656,-0.13441707,-0.128568389,-0.094614967,0.350021159,0.626820619,0.421874857,36.00725467,104.831613,47.86313109,US
9,5,3,0,0,0,0.2890625,0.25390625,0.1328125,0,0,0,0.568459,1.38997,1.1799735,-1.012466,-1.8659315,-0.8646825,1.580925,3.2559015,2.044656,-0.024283426,-0.168536977,-0.117309243,0.326742744,0.570933798,0.386451976,27.48231906,90.74715398,41.76904806,US
12,9,4,0,1,0,0.47265625,0.55859375,0.40234375,0,0.00390625,0,1.3690725,3.046303,1.466822,-1.6282845,-1.5123225,-0.546388,2.997357,4.5586255,2.01321,0.214855677,0.469223123,0.257731887,0.547030891,0.902779612,0.506364048,88.47003692,265.2266003,82.71097609,US
12,8,7,0,1,0,0.44140625,0.51171875,0.5,0,0.00390625,0,1.3690725,3.046303,1.466822,-1.6925265,-1.680102,-1.164322,3.061599,4.726405,2.631144,0.182553858,0.526089161,0.292762825,0.641211429,0.934246674,0.532343253,113.8196958,294.570953,94.57515916,US
4,3,5,0,0,0,0.13671875,0.1171875,0.16015625,0,0,0,0.603105,1.147596,0.588247,-1.6925265,-1.7938585,-1.810377,2.2956315,2.9414545,2.398624,-0.207032002,-0.207190016,-0.191527519,0.542407881,0.674931318,0.532260903,86.33241351,127.6486844,81.95270457,US
1,1,2,0,0,0,0.03515625,0.06640625,0.0625,0,0,0,0.5263545,0.701277,0.3323095,-1.6567385,-1.7938585,-1.810377,2.183093,2.4951355,2.1426865,-0.209821599,-0.192505638,-0.198617751,0.418340172,0.546107524,0.457943451,56.11662752,85.8717715,63.8247201,US
0,2,1,0,0,0,0,0.1484375,0.046875,0,0,0,0.18007,0.6706175,0.3351785,-0.517765,-0.6522755,-0.3766175,0.697835,1.322893,0.711796,-0.056058661,0.027761167,-0.050157516,0.115539772,0.237409098,0.126425799,4.225097776,14.62701377,4.738326074,US
0,2,2,0,0,0,0,0.125,0.109375,0,0,0,0.18007,0.5512145,0.3351785,-0.3202985,-0.6522755,-0.3766175,0.5003685,1.20349,0.711796,-0.02661178,0.020374765,-0.011800414,0.09212286,0.214812051,0.141508983,2.354579058,11.9196083,5.162133995,US
2,2,1,0,0,0,0.05078125,0.16796875,0.06640625,0,0,0,0.2358885,0.394235,0.309526,-0.5626325,-0.770245,-0.5551295,0.798521,1.16448,0.8646555,-0.010387222,0.0434032,0.001553156,0.145029078,0.217079936,0.157921077,5.41228784,12.54781317,6.385020984,US
3,5,2,0,0,0,0.20703125,0.3046875,0.1796875,0,0,0,1.614655,1.2115515,1.0009695,-1.948648,-2.018263,-1.435783,3.563303,3.2298145,2.4367525,-0.062104533,-0.050097471,-0.033788185,0.701871629,0.678495649,0.503635215,127.1029307,118.4962318,65.22739989,US
3,5,4,0,0,0,0.3984375,0.39453125,0.3984375,0,0,0,1.6924585,1.5184215,1.022028,-2.634219,-2.561775,-1.4403575,4.3266775,4.0801965,2.4623855,-0.08062413,-0.121947393,-0.029510243,1.148609108,1.112169473,0.73938194,339.4121024,320.4736498,140.175337,US
10,8,9,1,1,0,0.62890625,0.6640625,0.6484375,0,0.0078125,0,2.2273285,3.005191,1.733758,-2.634219,-2.561775,-1.4403575,4.8615475,5.566966,3.1741155,0.499401625,0.464366761,0.370529119,1.187056297,1.294520118,0.813096404,424.8265886,484.4188554,204.5321947,US
9,7,7,1,1,0,0.39453125,0.45703125,0.4375,0,0.0078125,0,2.2273285,3.005191,1.733758,-0.539955,-1.7156085,-1.0230395,2.7672835,4.7207995,2.7567975,0.476436339,0.52107151,0.331121463,0.775026838,0.89599004,0.626084687,212.1074868,275.295815,128.5252468,US
3,2,1,0,1,0,0.23046875,0.234375,0.18359375,0,0,0,1.5249385,2.1341285,1.199634,-2.23288,-2.619732,-1.81549,3.7578185,4.7538605,3.015124,-0.098176844,-0.026167492,-0.05834586,0.759123236,0.933605108,0.583520212,150.0017743,223.3103132,88.04182406,US
4,3,2,1,2,1,0.39453125,0.4140625,0.328125,0,0,0,2.973746,2.312775,2.1429725,-2.23288,-2.619732,-1.81549,5.206626,4.932507,3.9584625,0.15274507,0.179482208,0.128589875,1.071778637,1.091730117,0.805347324,300.0656996,313.3988729,170.2871703,US
3,3,3,2,2,3,0.359375,0.37109375,0.328125,0,0.01953125,0,2.973746,3.0897595,2.161442,-2.679073,-2.916321,-2.2089585,5.652819,6.0060805,4.3704005,0.257341185,0.103387226,0.162220553,1.274146692,1.367344102,1.010784408,432.6228396,481.3723049,268.3144763,US
4,4,3,2,1,2,0.32421875,0.32421875,0.29296875,0,0.01953125,0,2.945855,3.0897595,2.161442,-2.679073,-2.916321,-2.2089585,5.624928,6.0060805,4.3704005,-0.099555864,-0.180301498,-0.036272467,1.3975883,1.398705985,0.996800924,502.5800047,509.187597,254.7028257,US
5,7,4,1,0,0,0.44140625,0.44921875,0.33984375,0,0,0,2.8705145,1.9527825,1.7331515,-2.597101,-3.1506775,-2.0351015,5.4676155,5.10346,3.768253,-0.147840619,-0.140641257,-0.094084698,1.209859212,1.070509957,0.73123906,380.3395941,298.4572921,139.1608501,US
4,6,4,1,1,0,0.44921875,0.46484375,0.375,0.03125,0,0,3.40093,2.8177965,1.907729,-2.937107,-3.1506775,-2.0995425,6.338037,5.968474,4.0072715,-0.045506831,-0.106820667,-0.102085895,1.415246098,1.365958921,0.912359231,513.2801226,480.5885445,215.772571,US
2,2,3,1,1,0,0.265625,0.34375,0.31640625,0.03125,0,0,3.40093,2.8177965,1.907729,-2.937107,-2.9344105,-2.0995425,6.338037,5.752207,4.0072715,-0.018549553,0.046765068,-0.0015868,1.206132875,1.206878801,0.813925189,372.5060973,373.4405003,169.5940458,US
1,1,2,0,0,0,0.12890625,0.1953125,0.171875,0,0,0,0.8664655,1.436994,0.8411925,-0.594224,-0.94142,-0.630795,1.4606895,2.378414,1.4719875,0.013842632,0.124919755,0.031895547,0.27253778,0.508394424,0.310955505,19.06411739,70.17748295,25.01494426,US
1,1,1,0,0,0,0.125,0.15625,0.125,0,0,0,0.9265865,1.039703,0.733028,-0.370066,-0.8449745,-0.3963385,1.2966525,1.8846775,1.1293665,-0.003538642,0.009663327,-0.005126397,0.276830331,0.377801652,0.231153464,19.62178635,36.56392518,13.6853265,US
2,2,3,0,0,0,0.27734375,0.31640625,0.28125,0,0,0,1.5208845,1.8416555,1.120239,-0.7574965,-0.8449745,-0.3963385,2.278381,2.68663,1.5165775,0.050539745,0.063001132,0.074277389,0.581971851,0.645085772,0.401397485,87.36140267,107.550797,42.66460746,US
3,4,5,0,1,0,0.36328125,0.36328125,0.359375,0,0,0,1.9951005,2.130102,1.120239,-1.2756015,-1.3347435,-0.7705125,3.270702,3.4648455,1.8907515,0.083542735,0.07436436,0.090727366,0.868063714,0.867656338,0.515330589,194.6985636,194.14507,70.1002817,US
2,4,3,0,1,0,0.22265625,0.2421875,0.2109375,0,0,0,1.9951005,2.130102,1.1006045,-1.605846,-1.385896,-0.8811,3.6009465,3.515998,1.9817045,-0.108099965,-0.092072617,-0.047063996,0.798690444,0.769936781,0.450829347,166.3072449,153.9361607,52.60051759,US
1,4,0,0,0,0,0.05078125,0.18359375,0.0078125,0,0,0,0.686962,0.515322,0.4084085,-1.605846,-1.385896,-0.8811,2.292808,1.901218,1.2895085,-0.175256307,-0.073195189,-0.093860778,0.378816759,0.368626383,0.2185416,44.63024377,36.16355175,14.49080065,US
3,5,2,1,1,1,0.25390625,0.3828125,0.21484375,0.046875,0.03125,0.02734375,3.582298,3.389113,3.1401465,-0.5241835,-1.352208,-0.769494,4.1064815,4.741321,3.9096405,0.297713224,0.335574366,0.25230206,0.907788867,0.892696848,0.807995072,233.7433638,232.9491712,183.490822,US
3,5,4,1,1,1,0.37890625,0.4765625,0.40234375,0.046875,0.03125,0.02734375,3.582298,3.389113,3.1401465,-2.1986725,-2.4836245,-2.8384095,5.7809705,5.8727375,5.978556,0.218143372,0.252074424,0.117882541,1.210653971,1.176944299,1.169060321,387.444596,370.9408276,353.4470681,US
5,4,3,0,0,0,0.2421875,0.31640625,0.26953125,0,0,0,1.6266,1.6070245,1.1606265,-2.1986725,-2.4836245,-2.8384095,3.8252725,4.090649,3.999036,-0.284801019,-0.288446819,-0.337404125,0.850368858,1.014358488,0.911932956,205.9662483,284.7871271,242.1524358,US
6,2,4,1,1,0,0.30859375,0.32421875,0.30078125,0,0,0,2.9020535,2.9864945,1.5768915,-2.442571,-2.436066,-1.3380785,5.3446245,5.4225605,2.91497,-0.040581574,-0.157852154,-0.099459241,1.128813792,1.352216294,0.779795666,326.6237118,474.4969067,158.2110881,US
1,3,3,1,1,0,0.234375,0.31640625,0.22265625,0,0,0,2.9020535,2.9864945,1.5768915,-2.454269,-2.459156,-1.2869915,5.3563225,5.4456505,2.863883,-0.033739076,-0.035610751,0.027542387,1.171792928,1.249952506,0.633458038,351.8058078,400.2955129,102.9198417,US
2,3,0,0,0,0,0.109375,0.15234375,0,0,0,0,0.394873,0.320019,0.1916215,-2.454269,-2.459156,-1.2647875,2.849142,2.779175,1.456409,-0.1463497,-0.081913467,-0.046316531,0.550098192,0.538153565,0.254516142,82.9721397,75.86439317,17.13460926,US
5,3,3,0,0,0,0.3359375,0.3203125,0.1484375,0,0,0,0.6666145,0.896747,0.5589435,-0.6807245,-0.6253905,-0.3902275,1.347339,1.5221375,0.949171,0.076721438,0.103315914,0.046129556,0.304924646,0.299897075,0.193162747,25.3153821,25.76745722,10.09871232,US
1,0,0,0,0,0,0.0234375,0,0,0,0,0,0.218573,0.1514675,0.124396,-0.2586335,-0.1596495,-0.165927,0.4772065,0.311117,0.290323,-0.022279593,0.002871829,-0.024081477,0.099478187,0.066820052,0.063324454,2.660922589,1.145138928,1.175595338,T
0,0,0,0,0,0,0,0,0,0,0,0,0.0078695,0.029155,-0.0116845,-0.3473955,-0.27266,-0.2764105,0.355265,0.301815,0.264726,-0.040917689,-0.009949862,-0.045426309,0.081264046,0.072726707,0.065475371,2.12086848,1.379471444,1.627810436,T
0,0,0,0,0,0,0,0,0,0,0,0,0.120529,0.132173,0.090347,-0.3473955,-0.27266,-0.2764105,0.4679245,0.404833,0.3667575,-0.028720562,0.001343486,-0.03585223,0.091706833,0.081894819,0.074138328,2.364988455,1.717394773,1.737445137,T
2,1,1,0,0,0,0.1015625,0.109375,0.10546875,0,0,0,1.4940265,1.6140565,0.990309,-0.1689045,-0.0858865,-0.0594015,1.662931,1.699943,1.0497105,0.112460089,0.150200883,0.069661136,0.354259817,0.36607135,0.230589853,35.3783535,40.1041062,14.85908733,T
4,3,2,0,0,0,0.1484375,0.1875,0.12890625,0,0,0,1.4940265,1.6140565,0.990309,-1.3587375,-1.502389,-1.174007,2.852764,3.1164455,2.164316,0.013340078,0.052703823,-0.012115088,0.496616558,0.550653798,0.379697443,63.18250458,78.33808597,36.9452793,T
2,2,1,0,0,0,0.046875,0.078125,0.0234375,0,0,0,0.348161,0.4659005,0.229192,-1.3587375,-1.502389,-1.174007,1.7068985,1.9682895,1.403199,-0.09940049,-0.066486228,-0.091019442,0.316060604,0.38300224,0.280663007,28.1122197,38.68887079,22.29468767,T
1,1,1,0,0,0,0.08203125,0.08203125,0.078125,0,0,0,0.943631,0.941001,0.7262845,-0.9569065,-0.790619,-0.667788,1.9005375,1.73162,1.3940725,-0.027174909,0.01538971,-0.019964082,0.295915643,0.270185096,0.21793233,22.60670153,18.74886513,12.26102323,T
1,1,1,0,0,0,0.08203125,0.08203125,0.078125,0,0,0,0.943631,0.941001,0.7262845,-0.9569065,-0.790619,-0.667788,1.9005375,1.73162,1.3940725,-0.025361998,0.013951089,-0.018937043,0.296864499,0.271227844,0.218406931,22.72621429,18.88254381,12.30376957,T
1,1,1,0,0,0,0.0859375,0.0859375,0.0859375,0,0,0,1.17237,1.016215,0.8427775,-0.582547,-0.420008,-0.4167515,1.754917,1.436223,1.259529,-0.02284094,0.015753854,-0.015731578,0.317376451,0.262520749,0.231006221,25.92039888,17.70657198,13.72475481,T
1,1,1,0,0,0,0.0859375,0.0859375,0.0859375,0,0,0,1.17237,1.016215,0.8427775,-0.582547,-0.420008,-0.4167515,1.754917,1.436223,1.259529,-0.019975294,0.020914014,-0.014872903,0.316598201,0.261464457,0.230583161,25.76255791,17.61350834,13.66800927,T
6,3,3,0,0,0,0.1875,0.1171875,0.13671875,0,0,0,1.8442395,1.4679545,1.5405185,-1.6935245,-2.3274225,-1.8008625,3.537764,3.795377,3.341381,-0.006851105,-0.0577403,-0.073257681,0.640101835,0.590853884,0.607917173,104.903035,90.22855117,95.98744082,T
6,6,7,0,0,0,0.1875,0.3203125,0.30859375,0,0,0,1.8442395,1.4679545,1.5405185,-1.6935245,-2.3274225,-1.8008625,3.537764,3.795377,3.341381,0.010646986,0.022297107,0.010872016,0.642157824,0.626111141,0.64192535,105.595001,100.4836517,105.5198252,T
6,12,9,0,0,0,0.375,0.5703125,0.51953125,0,0,0,1.485651,1.1785745,1.9016895,-0.200183,-0.7535015,-0.6391455,1.685834,1.932076,2.540835,0.273134082,0.369551776,0.35563499,0.388406635,0.359329577,0.479279078,57.79285895,68.15225119,91.30975448,T
8,10,5,0,0,0,0.4765625,0.3828125,0.34765625,0,0,0,1.6367255,1.1785745,1.9016895,-1.9982495,-2.022916,-2.7937875,3.634975,3.2014905,4.695477,0.109309646,-0.047591278,-0.189257609,0.8408414,0.804045423,1.060377406,184.0664403,166.0832819,297.0518022,T
4,4,1,0,0,0,0.21484375,0.17578125,0.171875,0,0,0,1.6731375,1.123927,1.8100515,-1.9982495,-2.022916,-2.7937875,3.671387,3.146843,4.603839,-0.190565918,-0.246376428,-0.323967014,0.829911402,0.693757915,0.996660318,185.6538013,138.813057,281.2662767,T
3,6,2,0,0,0,0.26171875,0.29296875,0.21484375,0,0,0,1.6731375,1.123927,1.8100515,-1.3786505,-0.8683435,-0.8248545,3.051788,1.9922705,2.634906,-0.042809449,0.07778427,0.132193527,0.550212841,0.387868129,0.508211102,77.97093842,40.0680225,70.61041017,T
3,4,1,0,0,0,0.2109375,0.19140625,0.04296875,0,0,0,0.533504,0.379501,0.2414835,-0.7842405,-0.6021075,-0.4216055,1.3177445,0.9816085,0.663089,-0.015375518,0.010163986,-0.021360759,0.278046225,0.207108384,0.14318543,19.85204058,11.00738378,5.365793708,T
2,1,0,0,0,0,0.06640625,0.05859375,0,0,0,0,0.327209,0.276963,0.1724195,-0.3188335,-0.1773005,-0.1701545,0.6460425,0.4542635,0.342574,-0.040496545,-0.002154932,-0.034119732,0.139702721,0.09682814,0.073917927,5.417785996,2.401369751,1.697936256,T
2,0,0,0,0,0,0.0234375,0,0,0,0,0,0.207626,0.190062,0.0839835,-0.2799115,-0.163046,-0.1566145,0.4875375,0.353108,0.240598,-0.013895058,0.015465582,-0.023261889,0.118927821,0.07934371,0.059113048,3.670439273,1.673098964,1.033620909,T
2,0,0,0,0,0,0.0234375,0,0,0,0,0,0.207626,0.190062,0.0839835,-0.123498,-0.052224,-0.0639685,0.331124,0.242286,0.147952,0.014777829,0.038597914,-0.005150146,0.073301985,0.048351452,0.03392744,1.431659088,0.981371255,0.301490884,T
0,0,0,0,0,0,0,0,0,0,0,0,-0.007563,0.026545,-0.013429,-0.5345425,-0.4162395,-0.2200705,0.5269795,0.4427845,0.2066415,-0.029982979,0.007187181,-0.025707333,0.07595424,0.059932943,0.034065748,1.707913542,0.932816632,0.466924455,T
2,1,2,0,0,0,0.1484375,0.1484375,0.05859375,0,0,0,0.5902035,0.565443,0.2676285,-0.636782,-0.574032,-0.2757705,1.2269855,1.139475,0.543399,-0.000281463,0.022295498,-0.01452084,0.238196427,0.217946088,0.106147382,14.52482999,12.28787919,2.938609987,T
3,2,3,0,0,0,0.2265625,0.2265625,0.10546875,0,0,0,0.8119655,0.6919165,0.310025,-0.636782,-0.574032,-0.2757705,1.4487475,1.2659485,0.5857955,0.01496779,0.030209879,-0.008506097,0.311735067,0.277498993,0.134904525,24.9353375,19.94800465,4.677598009,T
1,1,1,0,0,0,0.078125,0.078125,0.046875,0,0,0,0.8119655,0.6919165,0.310025,-0.588479,-0.4762265,-0.241209,1.4004445,1.168143,0.551234,-0.019455984,0.00857501,-0.021718693,0.224890162,0.191434931,0.096456251,13.04463331,9.400614588,2.503002258,T
3,2,1,0,0,0,0.08984375,0.078125,0.01953125,0,0,0,0.7293855,0.5711025,0.2396,-0.8005665,-0.6035715,-0.348241,1.529952,1.174674,0.587841,-0.006695268,0.022934259,-0.017158393,0.239393303,0.1813199,0.093932709,14.68266376,8.551664932,2.334442064,T
3,2,1,0,0,0,0.08984375,0.078125,0.01953125,0,0,0,0.7293855,0.5711025,0.2396,-0.8005665,-0.6035715,-0.348241,1.529952,1.174674,0.587841,-0.001992589,0.028960339,-0.01557434,0.229558762,0.169117036,0.08681004,13.49151,7.537292578,1.99154962,T
0,0,0,0,0,0,0,0,0,0,0,0,0.0130955,0.05303,-0.0047265,-0.047232,0.004014,-0.0243815,0.0603275,0.049016,0.019655,-0.014144728,0.020301955,-0.017521339,0.006905027,0.005150965,0.002882782,0.063624769,0.112719838,0.081025777,T
1,1,2,0,0,0,0.07421875,0.0859375,0.078125,0,0,0,1.091789,1.108687,0.416998,-0.9006545,-1.152289,-0.6858635,1.9924435,2.260976,1.1028615,-0.01592444,-0.002238767,-0.036414899,0.300046975,0.372017959,0.19398693,23.11238796,35.43101277,9.974311366,T
3,2,2,0,0,0,0.21875,0.234375,0.11328125,0,0,0,1.091789,1.108687,0.416998,-0.9006545,-1.152289,-0.6858635,1.9924435,2.260976,1.1028615,-0.001981438,0.009437016,-0.029550469,0.428410232,0.470614128,0.217322509,46.98605278,56.72116796,12.31506282,T
1,0,0,0,0,0,0.0234375,0,0,0,0,0,0.218573,0.1514675,0.124396,-0.2586335,-0.1596495,-0.165927,0.4772065,0.311117,0.290323,-0.022279593,0.002871829,-0.024081477,0.099478187,0.066820052,0.063324454,2.660922589,1.145138928,1.175595338,T
0,0,0,0,0,0,0,0,0,0,0,0,0.0078695,0.029155,-0.0116845,-0.3473955,-0.27266,-0.2764105,0.355265,0.301815,0.264726,-0.040917689,-0.009949862,-0.045426309,0.081264046,0.072726707,0.065475371,2.12086848,1.379471444,1.627810436,T
0,0,0,0,0,0,0,0,0,0,0,0,0.120529,0.132173,0.090347,-0.3473955,-0.27266,-0.2764105,0.4679245,0.404833,0.3667575,-0.028720562,0.001343486,-0.03585223,0.091706833,0.081894819,0.074138328,2.364988455,1.717394773,1.737445137,T
2,1,1,0,0,0,0.1015625,0.109375,0.10546875,0,0,0,1.4940265,1.6140565,0.990309,-0.1689045,-0.0858865,-0.0594015,1.662931,1.699943,1.0497105,0.112460089,0.150200883,0.069661136,0.354259817,0.36607135,0.230589853,35.3783535,40.1041062,14.85908733,T
4,3,2,0,0,0,0.1484375,0.1875,0.12890625,0,0,0,1.4940265,1.6140565,0.990309,-1.3587375,-1.502389,-1.174007,2.852764,3.1164455,2.164316,0.013340078,0.052703823,-0.012115088,0.496616558,0.550653798,0.379697443,63.18250458,78.33808597,36.9452793,T
2,2,1,0,0,0,0.046875,0.078125,0.0234375,0,0,0,0.348161,0.4659005,0.229192,-1.3587375,-1.502389,-1.174007,1.7068985,1.9682895,1.403199,-0.09940049,-0.066486228,-0.091019442,0.316060604,0.38300224,0.280663007,28.1122197,38.68887079,22.29468767,T
1,1,1,0,0,0,0.08203125,0.08203125,0.078125,0,0,0,0.943631,0.941001,0.7262845,-0.9569065,-0.790619,-0.667788,1.9005375,1.73162,1.3940725,-0.027174909,0.01538971,-0.019964082,0.295915643,0.270185096,0.21793233,22.60670153,18.74886513,12.26102323,T
1,1,1,0,0,0,0.08203125,0.08203125,0.078125,0,0,0,0.943631,0.941001,0.7262845,-0.9569065,-0.790619,-0.667788,1.9005375,1.73162,1.3940725,-0.025361998,0.013951089,-0.018937043,0.296864499,0.271227844,0.218406931,22.72621429,18.88254381,12.30376957,T
1,1,1,0,0,0,0.0859375,0.0859375,0.0859375,0,0,0,1.17237,1.016215,0.8427775,-0.582547,-0.420008,-0.4167515,1.754917,1.436223,1.259529,-0.02284094,0.015753854,-0.015731578,0.317376451,0.262520749,0.231006221,25.92039888,17.70657198,13.72475481,T
1,1,1,0,0,0,0.0859375,0.0859375,0.0859375,0,0,0,1.17237,1.016215,0.8427775,-0.582547,-0.420008,-0.4167515,1.754917,1.436223,1.259529,-0.019975294,0.020914014,-0.014872903,0.316598201,0.261464457,0.230583161,25.76255791,17.61350834,13.66800927,T
6,3,3,0,0,0,0.1875,0.1171875,0.13671875,0,0,0,1.8442395,1.4679545,1.5405185,-1.6935245,-2.3274225,-1.8008625,3.537764,3.795377,3.341381,-0.006851105,-0.0577403,-0.073257681,0.640101835,0.590853884,0.607917173,104.903035,90.22855117,95.98744082,T
6,6,7,0,0,0,0.1875,0.3203125,0.30859375,0,0,0,1.8442395,1.4679545,1.5405185,-1.6935245,-2.3274225,-1.8008625,3.537764,3.795377,3.341381,0.010646986,0.022297107,0.010872016,0.642157824,0.626111141,0.64192535,105.595001,100.4836517,105.5198252,T
6,12,9,0,0,0,0.375,0.5703125,0.51953125,0,0,0,1.485651,1.1785745,1.9016895,-0.200183,-0.7535015,-0.6391455,1.685834,1.932076,2.540835,0.273134082,0.369551776,0.35563499,0.388406635,0.359329577,0.479279078,57.79285895,68.15225119,91.30975448,T
8,10,5,0,0,0,0.4765625,0.3828125,0.34765625,0,0,0,1.6367255,1.1785745,1.9016895,-1.9982495,-2.022916,-2.7937875,3.634975,3.2014905,4.695477,0.109309646,-0.047591278,-0.189257609,0.8408414,0.804045423,1.060377406,184.0664403,166.0832819,297.0518022,T
4,4,1,0,0,0,0.21484375,0.17578125,0.171875,0,0,0,1.6731375,1.123927,1.8100515,-1.9982495,-2.022916,-2.7937875,3.671387,3.146843,4.603839,-0.190565918,-0.246376428,-0.323967014,0.829911402,0.693757915,0.996660318,185.6538013,138.813057,281.2662767,T
3,6,2,0,0,0,0.26171875,0.29296875,0.21484375,0,0,0,1.6731375,1.123927,1.8100515,-1.3786505,-0.8683435,-0.8248545,3.051788,1.9922705,2.634906,-0.042809449,0.07778427,0.132193527,0.550212841,0.387868129,0.508211102,77.97093842,40.0680225,70.61041017,T
3,4,1,0,0,0,0.2109375,0.19140625,0.04296875,0,0,0,0.533504,0.379501,0.2414835,-0.7842405,-0.6021075,-0.4216055,1.3177445,0.9816085,0.663089,-0.015375518,0.010163986,-0.021360759,0.278046225,0.207108384,0.14318543,19.85204058,11.00738378,5.365793708,T
2,1,0,0,0,0,0.06640625,0.05859375,0,0,0,0,0.327209,0.276963,0.1724195,-0.3188335,-0.1773005,-0.1701545,0.6460425,0.4542635,0.342574,-0.040496545,-0.002154932,-0.034119732,0.139702721,0.09682814,0.073917927,5.417785996,2.401369751,1.697936256,T
2,0,0,0,0,0,0.0234375,0,0,0,0,0,0.207626,0.190062,0.0839835,-0.2799115,-0.163046,-0.1566145,0.4875375,0.353108,0.240598,-0.013895058,0.015465582,-0.023261889,0.118927821,0.07934371,0.059113048,3.670439273,1.673098964,1.033620909,T
2,0,0,0,0,0,0.0234375,0,0,0,0,0,0.207626,0.190062,0.0839835,-0.123498,-0.052224,-0.0639685,0.331124,0.242286,0.147952,0.014777829,0.038597914,-0.005150146,0.073301985,0.048351452,0.03392744,1.431659088,0.981371255,0.301490884,T
0,0,0,0,0,0,0,0,0,0,0,0,-0.007563,0.026545,-0.013429,-0.5345425,-0.4162395,-0.2200705,0.5269795,0.4427845,0.2066415,-0.029982979,0.007187181,-0.025707333,0.07595424,0.059932943,0.034065748,1.707913542,0.932816632,0.466924455,T
2,1,2,0,0,0,0.1484375,0.1484375,0.05859375,0,0,0,0.5902035,0.565443,0.2676285,-0.636782,-0.574032,-0.2757705,1.2269855,1.139475,0.543399,-0.000281463,0.022295498,-0.01452084,0.238196427,0.217946088,0.106147382,14.52482999,12.28787919,2.938609987,T
3,2,3,0,0,0,0.2265625,0.2265625,0.10546875,0,0,0,0.8119655,0.6919165,0.310025,-0.636782,-0.574032,-0.2757705,1.4487475,1.2659485,0.5857955,0.01496779,0.030209879,-0.008506097,0.311735067,0.277498993,0.134904525,24.9353375,19.94800465,4.677598009,T
1,1,1,0,0,0,0.078125,0.078125,0.046875,0,0,0,0.8119655,0.6919165,0.310025,-0.588479,-0.4762265,-0.241209,1.4004445,1.168143,0.551234,-0.019455984,0.00857501,-0.021718693,0.224890162,0.191434931,0.096456251,13.04463331,9.400614588,2.503002258,T
3,2,1,0,0,0,0.08984375,0.078125,0.01953125,0,0,0,0.7293855,0.5711025,0.2396,-0.8005665,-0.6035715,-0.348241,1.529952,1.174674,0.587841,-0.006695268,0.022934259,-0.017158393,0.239393303,0.1813199,0.093932709,14.68266376,8.551664932,2.334442064,T
3,2,1,0,0,0,0.08984375,0.078125,0.01953125,0,0,0,0.7293855,0.5711025,0.2396,-0.8005665,-0.6035715,-0.348241,1.529952,1.174674,0.587841,-0.001992589,0.028960339,-0.01557434,0.229558762,0.169117036,0.08681004,13.49151,7.537292578,1.99154962,T
0,0,0,0,0,0,0,0,0,0,0,0,0.0130955,0.05303,-0.0047265,-0.047232,0.004014,-0.0243815,0.0603275,0.049016,0.019655,-0.014144728,0.020301955,-0.017521339,0.006905027,0.005150965,0.002882782,0.063624769,0.112719838,0.081025777,T
1,1,2,0,0,0,0.07421875,0.0859375,0.078125,0,0,0,1.091789,1.108687,0.416998,-0.9006545,-1.152289,-0.6858635,1.9924435,2.260976,1.1028615,-0.01592444,-0.002238767,-0.036414899,0.300046975,0.372017959,0.19398693,23.11238796,35.43101277,9.974311366,T
3,2,2,0,0,0,0.21875,0.234375,0.11328125,0,0,0,1.091789,1.108687,0.416998,-0.9006545,-1.152289,-0.6858635,1.9924435,2.260976,1.1028615,-0.001981438,0.009437016,-0.029550469,0.428410232,0.470614128,0.217322509,46.98605278,56.72116796,12.31506282,T
1,0,0,0,0,0,0.0234375,0,0,0,0,0,0.218573,0.1514675,0.124396,-0.2586335,-0.1596495,-0.165927,0.4772065,0.311117,0.290323,-0.022279593,0.002871829,-0.024081477,0.099478187,0.066820052,0.063324454,2.660922589,1.145138928,1.175595338,T
0,0,0,0,0,0,0,0,0,0,0,0,0.0078695,0.029155,-0.0116845,-0.3473955,-0.27266,-0.2764105,0.355265,0.301815,0.264726,-0.040917689,-0.009949862,-0.045426309,0.081264046,0.072726707,0.065475371,2.12086848,1.379471444,1.627810436,T
0,0,0,0,0,0,0,0,0,0,0,0,0.120529,0.132173,0.090347,-0.3473955,-0.27266,-0.2764105,0.4679245,0.404833,0.3667575,-0.028720562,0.001343486,-0.03585223,0.091706833,0.081894819,0.074138328,2.364988455,1.717394773,1.737445137,T
2,1,1,0,0,0,0.1015625,0.109375,0.10546875,0,0,0,1.4940265,1.6140565,0.990309,-0.1689045,-0.0858865,-0.0594015,1.662931,1.699943,1.0497105,0.112460089,0.150200883,0.069661136,0.354259817,0.36607135,0.230589853,35.3783535,40.1041062,14.85908733,T
4,3,2,0,0,0,0.1484375,0.1875,0.12890625,0,0,0,1.4940265,1.6140565,0.990309,-1.3587375,-1.502389,-1.174007,2.852764,3.1164455,2.164316,0.013340078,0.052703823,-0.012115088,0.496616558,0.550653798,0.379697443,63.18250458,78.33808597,36.9452793,T
2,2,1,0,0,0,0.046875,0.078125,0.0234375,0,0,0,0.348161,0.4659005,0.229192,-1.3587375,-1.502389,-1.174007,1.7068985,1.9682895,1.403199,-0.09940049,-0.066486228,-0.091019442,0.316060604,0.38300224,0.280663007,28.1122197,38.68887079,22.29468767,T
1,1,1,0,0,0,0.08203125,0.08203125,0.078125,0,0,0,0.943631,0.941001,0.7262845,-0.9569065,-0.790619,-0.667788,1.9005375,1.73162,1.3940725,-0.027174909,0.01538971,-0.019964082,0.295915643,0.270185096,0.21793233,22.60670153,18.74886513,12.26102323,T
1,1,1,0,0,0,0.08203125,0.08203125,0.078125,0,0,0,0.943631,0.941001,0.7262845,-0.9569065,-0.790619,-0.667788,1.9005375,1.73162,1.3940725,-0.025361998,0.013951089,-0.018937043,0.296864499,0.271227844,0.218406931,22.72621429,18.88254381,12.30376957,T
1,1,1,0,0,0,0.0859375,0.0859375,0.0859375,0,0,0,1.17237,1.016215,0.8427775,-0.582547,-0.420008,-0.4167515,1.754917,1.436223,1.259529,-0.02284094,0.015753854,-0.015731578,0.317376451,0.262520749,0.231006221,25.92039888,17.70657198,13.72475481,T
1,1,1,0,0,0,0.0859375,0.0859375,0.0859375,0,0,0,1.17237,1.016215,0.8427775,-0.582547,-0.420008,-0.4167515,1.754917,1.436223,1.259529,-0.019975294,0.020914014,-0.014872903,0.316598201,0.261464457,0.230583161,25.76255791,17.61350834,13.66800927,T
6,3,3,0,0,0,0.1875,0.1171875,0.13671875,0,0,0,1.8442395,1.4679545,1.5405185,-1.6935245,-2.3274225,-1.8008625,3.537764,3.795377,3.341381,-0.006851105,-0.0577403,-0.073257681,0.640101835,0.590853884,0.607917173,104.903035,90.22855117,95.98744082,T
6,6,7,0,0,0,0.1875,0.3203125,0.30859375,0,0,0,1.8442395,1.4679545,1.5405185,-1.6935245,-2.3274225,-1.8008625,3.537764,3.795377,3.341381,0.010646986,0.022297107,0.010872016,0.642157824,0.626111141,0.64192535,105.595001,100.4836517,105.5198252,T
6,12,9,0,0,0,0.375,0.5703125,0.51953125,0,0,0,1.485651,1.1785745,1.9016895,-0.200183,-0.7535015,-0.6391455,1.685834,1.932076,2.540835,0.273134082,0.369551776,0.35563499,0.388406635,0.359329577,0.479279078,57.79285895,68.15225119,91.30975448,T
8,10,5,0,0,0,0.4765625,0.3828125,0.34765625,0,0,0,1.6367255,1.1785745,1.9016895,-1.9982495,-2.022916,-2.7937875,3.634975,3.2014905,4.695477,0.109309646,-0.047591278,-0.189257609,0.8408414,0.804045423,1.060377406,184.0664403,166.0832819,297.0518022,T
4,4,1,0,0,0,0.21484375,0.17578125,0.171875,0,0,0,1.6731375,1.123927,1.8100515,-1.9982495,-2.022916,-2.7937875,3.671387,3.146843,4.603839,-0.190565918,-0.246376428,-0.323967014,0.829911402,0.693757915,0.996660318,185.6538013,138.813057,281.2662767,T
3,6,2,0,0,0,0.26171875,0.29296875,0.21484375,0,0,0,1.6731375,1.123927,1.8100515,-1.3786505,-0.8683435,-0.8248545,3.051788,1.9922705,2.634906,-0.042809449,0.07778427,0.132193527,0.550212841,0.387868129,0.508211102,77.97093842,40.0680225,70.61041017,T
3,4,1,0,0,0,0.2109375,0.19140625,0.04296875,0,0,0,0.533504,0.379501,0.2414835,-0.7842405,-0.6021075,-0.4216055,1.3177445,0.9816085,0.663089,-0.015375518,0.010163986,-0.021360759,0.278046225,0.207108384,0.14318543,19.85204058,11.00738378,5.365793708,T
2,1,0,0,0,0,0.06640625,0.05859375,0,0,0,0,0.327209,0.276963,0.1724195,-0.3188335,-0.1773005,-0.1701545,0.6460425,0.4542635,0.342574,-0.040496545,-0.002154932,-0.034119732,0.139702721,0.09682814,0.073917927,5.417785996,2.401369751,1.697936256,T
2,0,0,0,0,0,0.0234375,0,0,0,0,0,0.207626,0.190062,0.0839835,-0.2799115,-0.163046,-0.1566145,0.4875375,0.353108,0.240598,-0.013895058,0.015465582,-0.023261889,0.118927821,0.07934371,0.059113048,3.670439273,1.673098964,1.033620909,T
2,0,0,0,0,0,0.0234375,0,0,0,0,0,0.207626,0.190062,0.0839835,-0.123498,-0.052224,-0.0639685,0.331124,0.242286,0.147952,0.014777829,0.038597914,-0.005150146,0.073301985,0.048351452,0.03392744,1.431659088,0.981371255,0.301490884,T
0,0,0,0,0,0,0,0,0,0,0,0,-0.007563,0.026545,-0.013429,-0.5345425,-0.4162395,-0.2200705,0.5269795,0.4427845,0.2066415,-0.029982979,0.007187181,-0.025707333,0.07595424,0.059932943,0.034065748,1.707913542,0.932816632,0.466924455,T
2,1,2,0,0,0,0.1484375,0.1484375,0.05859375,0,0,0,0.5902035,0.565443,0.2676285,-0.636782,-0.574032,-0.2757705,1.2269855,1.139475,0.543399,-0.000281463,0.022295498,-0.01452084,0.238196427,0.217946088,0.106147382,14.52482999,12.28787919,2.938609987,T
3,2,3,0,0,0,0.2265625,0.2265625,0.10546875,0,0,0,0.8119655,0.6919165,0.310025,-0.636782,-0.574032,-0.2757705,1.4487475,1.2659485,0.5857955,0.01496779,0.030209879,-0.008506097,0.311735067,0.277498993,0.134904525,24.9353375,19.94800465,4.677598009,T
1,1,1,0,0,0,0.078125,0.078125,0.046875,0,0,0,0.8119655,0.6919165,0.310025,-0.588479,-0.4762265,-0.241209,1.4004445,1.168143,0.551234,-0.019455984,0.00857501,-0.021718693,0.224890162,0.191434931,0.096456251,13.04463331,9.400614588,2.503002258,T
3,2,1,0,0,0,0.08984375,0.078125,0.01953125,0,0,0,0.7293855,0.5711025,0.2396,-0.8005665,-0.6035715,-0.348241,1.529952,1.174674,0.587841,-0.006695268,0.022934259,-0.017158393,0.239393303,0.1813199,0.093932709,14.68266376,8.551664932,2.334442064,T
3,2,1,0,0,0,0.08984375,0.078125,0.01953125,0,0,0,0.7293855,0.5711025,0.2396,-0.8005665,-0.6035715,-0.348241,1.529952,1.174674,0.587841,-0.001992589,0.028960339,-0.01557434,0.229558762,0.169117036,0.08681004,13.49151,7.537292578,1.99154962,T
0,0,0,0,0,0,0,0,0,0,0,0,0.0130955,0.05303,-0.0047265,-0.047232,0.004014,-0.0243815,0.0603275,0.049016,0.019655,-0.014144728,0.020301955,-0.017521339,0.006905027,0.005150965,0.002882782,0.063624769,0.112719838,0.081025777,T
1,1,2,0,0,0,0.07421875,0.0859375,0.078125,0,0,0,1.091789,1.108687,0.416998,-0.9006545,-1.152289,-0.6858635,1.9924435,2.260976,1.1028615,-0.01592444,-0.002238767,-0.036414899,0.300046975,0.372017959,0.19398693,23.11238796,35.43101277,9.974311366,T
3,2,2,0,0,0,0.21875,0.234375,0.11328125,0,0,0,1.091789,1.108687,0.416998,-0.9006545,-1.152289,-0.6858635,1.9924435,2.260976,1.1028615,-0.001981438,0.009437016,-0.029550469,0.428410232,0.470614128,0.217322509,46.98605278,56.72116796,12.31506282,T
